-- --------------------------------------------------------
-- Host:                         127.0.0.1
-- Server version:               10.2.14-MariaDB - mariadb.org binary distribution
-- Server OS:                    Win64
-- HeidiSQL Version:             9.4.0.5125
-- --------------------------------------------------------

/*!40101 SET @OLD_CHARACTER_SET_CLIENT=@@CHARACTER_SET_CLIENT */;
/*!40101 SET NAMES utf8 */;
/*!50503 SET NAMES utf8mb4 */;
/*!40014 SET @OLD_FOREIGN_KEY_CHECKS=@@FOREIGN_KEY_CHECKS, FOREIGN_KEY_CHECKS=0 */;
/*!40101 SET @OLD_SQL_MODE=@@SQL_MODE, SQL_MODE='NO_AUTO_VALUE_ON_ZERO' */;

-- Dumping structure for table tracker.assignments
DROP TABLE IF EXISTS `assignments`;
CREATE TABLE IF NOT EXISTS `assignments` (
  `id` int(11) NOT NULL AUTO_INCREMENT,
  `name` varchar(255) NOT NULL,
  `date_created` datetime NOT NULL DEFAULT current_timestamp(),
  `date_updated` timestamp NOT NULL DEFAULT current_timestamp() ON UPDATE current_timestamp(),
  PRIMARY KEY (`id`),
  UNIQUE KEY `name` (`name`)
) ENGINE=InnoDB AUTO_INCREMENT=35 DEFAULT CHARSET=utf8;

-- Dumping data for table tracker.assignments: ~7 rows (approximately)
DELETE FROM `assignments`;
/*!40000 ALTER TABLE `assignments` DISABLE KEYS */;
INSERT INTO `assignments` (`id`, `name`, `date_created`, `date_updated`) VALUES
	(26, 'A', '2018-03-07 22:55:14', '2018-03-07 15:55:14'),
	(27, 'B', '2018-03-07 22:55:22', '2018-03-07 15:55:22'),
	(28, 'C', '2018-03-07 22:55:38', '2018-03-07 15:55:38'),
	(29, 'A/B', '2018-03-07 22:55:46', '2018-03-07 15:55:46'),
	(30, 'B/C', '2018-03-07 22:55:58', '2018-03-07 15:55:58'),
	(31, 'A/B/C', '2018-03-07 22:56:08', '2018-03-07 15:56:08'),
	(32, 'float', '2018-03-07 22:56:18', '2018-03-07 15:56:18');
/*!40000 ALTER TABLE `assignments` ENABLE KEYS */;

-- Dumping structure for table tracker.categories
DROP TABLE IF EXISTS `categories`;
CREATE TABLE IF NOT EXISTS `categories` (
  `id` int(11) NOT NULL AUTO_INCREMENT,
  `name` varchar(255) NOT NULL,
  `date_created` datetime NOT NULL DEFAULT current_timestamp(),
  `date_updated` timestamp NOT NULL DEFAULT current_timestamp() ON UPDATE current_timestamp(),
  PRIMARY KEY (`id`),
  UNIQUE KEY `name` (`name`)
) ENGINE=InnoDB AUTO_INCREMENT=20 DEFAULT CHARSET=utf8;

-- Dumping data for table tracker.categories: ~4 rows (approximately)
DELETE FROM `categories`;
/*!40000 ALTER TABLE `categories` DISABLE KEYS */;
INSERT INTO `categories` (`id`, `name`, `date_created`, `date_updated`) VALUES
	(1, 'RN', '2014-06-01 00:35:07', '2014-05-30 11:34:33'),
	(2, 'LPN', '2014-06-01 00:35:07', '2014-05-30 11:34:33'),
	(3, 'UC', '2014-06-01 00:35:07', '2014-05-30 11:34:54'),
	(5, 'HCA', '2014-06-02 00:35:08', '2018-06-18 13:29:57');
/*!40000 ALTER TABLE `categories` ENABLE KEYS */;

-- Dumping structure for table tracker.mods
DROP TABLE IF EXISTS `mods`;
CREATE TABLE IF NOT EXISTS `mods` (
  `id` int(11) NOT NULL AUTO_INCREMENT,
  `name` varchar(255) NOT NULL,
  `display` varchar(50) NOT NULL,
  `description` varchar(255) DEFAULT NULL,
  `date_created` datetime NOT NULL DEFAULT current_timestamp(),
  `date_updated` timestamp NOT NULL DEFAULT current_timestamp() ON UPDATE current_timestamp(),
  PRIMARY KEY (`id`),
  UNIQUE KEY `name` (`name`)
) ENGINE=InnoDB AUTO_INCREMENT=28 DEFAULT CHARSET=utf8;

-- Dumping data for table tracker.mods: ~8 rows (approximately)
DELETE FROM `mods`;
/*!40000 ALTER TABLE `mods` DISABLE KEYS */;
INSERT INTO `mods` (`id`, `name`, `display`, `description`, `date_created`, `date_updated`) VALUES
	(19, 'burn', 'Burn', 'Assigned a patient with burn dressings.', '2018-03-07 08:48:00', '2018-04-10 03:18:08'),
	(20, 'evd', 'EVD', 'Assigned a patient with an EVD', '2018-03-07 08:48:00', '2018-04-10 03:19:36'),
	(21, 'crrt', 'CRRT', 'Assigned a CRRT', '2018-03-07 08:48:00', '2018-04-10 03:19:51'),
	(22, 'vent', 'Vent', 'Assigned a ventilated patient', '2018-03-07 08:48:00', '2018-04-10 03:20:27'),
	(23, 'double', 'Double', 'Assignment consisted of more than one patient.', '2018-03-07 08:48:00', '2018-04-10 03:20:43'),
	(24, 'admit', 'Admit', 'Admitted a patient during the shift.', '2018-03-07 08:48:00', '2018-04-10 03:20:59'),
	(25, 'codes', 'Code Pager', 'Assigned to the code blue reponse team.', '2018-03-07 08:48:00', '2018-04-10 03:21:29'),
	(27, 'vsick', 'Very Sick', 'Assigned a very sick patient (more than 3 IV infusions)', '2018-04-10 09:14:59', '2018-04-10 03:21:57');
/*!40000 ALTER TABLE `mods` ENABLE KEYS */;

-- Dumping structure for table tracker.roles
DROP TABLE IF EXISTS `roles`;
CREATE TABLE IF NOT EXISTS `roles` (
  `id` int(11) NOT NULL AUTO_INCREMENT,
  `name` varchar(255) NOT NULL,
  `date_created` datetime NOT NULL DEFAULT current_timestamp(),
  `date_updated` timestamp NOT NULL DEFAULT current_timestamp() ON UPDATE current_timestamp(),
  PRIMARY KEY (`id`),
  UNIQUE KEY `name` (`name`)
) ENGINE=InnoDB AUTO_INCREMENT=20 DEFAULT CHARSET=utf8;

-- Dumping data for table tracker.roles: ~6 rows (approximately)
DELETE FROM `roles`;
/*!40000 ALTER TABLE `roles` DISABLE KEYS */;
INSERT INTO `roles` (`id`, `name`, `date_created`, `date_updated`) VALUES
	(1, 'bedside', '2018-03-06 23:23:10', '2018-03-06 16:27:59'),
	(2, 'charge', '2018-03-06 23:23:10', '2018-03-06 16:27:59'),
	(3, 'clinician', '2018-03-06 23:23:10', '2018-03-06 16:27:59'),
	(4, 'health care attendant', '2018-03-06 23:23:10', '2018-06-18 13:29:49'),
	(5, 'outreach', '2018-03-06 23:23:10', '2018-03-06 16:27:59'),
	(6, 'unit clerk', '2018-03-06 23:23:10', '2018-03-06 16:27:59');
/*!40000 ALTER TABLE `roles` ENABLE KEYS */;

-- Dumping structure for table tracker.shifts
DROP TABLE IF EXISTS `shifts`;
CREATE TABLE IF NOT EXISTS `shifts` (
  `id` int(11) NOT NULL AUTO_INCREMENT,
  `shift_date` date NOT NULL,
  `shift_d_or_n` varchar(1) NOT NULL,
  `staff_id` int(11) NOT NULL,
  `role_id` int(11) NOT NULL,
  `assignment_id` int(11) NOT NULL,
  `date_created` datetime NOT NULL DEFAULT current_timestamp(),
  `date_updated` timestamp NOT NULL DEFAULT current_timestamp() ON UPDATE current_timestamp(),
  `created_by` varchar(255) NOT NULL,
  `updated_by` varchar(255) DEFAULT NULL,
  PRIMARY KEY (`id`),
  UNIQUE KEY `uq_staff_shift` (`shift_date`,`staff_id`),
  KEY `shifts_ibfk_1` (`staff_id`),
  KEY `shifts_ibfk_2` (`role_id`),
  KEY `shifts_ibfk_3` (`assignment_id`),
  CONSTRAINT `shifts_ibfk_1` FOREIGN KEY (`staff_id`) REFERENCES `staff_members` (`id`) ON DELETE CASCADE ON UPDATE CASCADE,
  CONSTRAINT `shifts_ibfk_2` FOREIGN KEY (`role_id`) REFERENCES `roles` (`id`) ON UPDATE CASCADE,
  CONSTRAINT `shifts_ibfk_3` FOREIGN KEY (`assignment_id`) REFERENCES `assignments` (`id`) ON UPDATE CASCADE
) ENGINE=InnoDB AUTO_INCREMENT=679 DEFAULT CHARSET=utf8;

-- Dumping data for table tracker.shifts: ~537 rows (approximately)
DELETE FROM `shifts`;
/*!40000 ALTER TABLE `shifts` DISABLE KEYS */;
INSERT INTO `shifts` (`id`, `shift_date`, `shift_d_or_n`, `staff_id`, `role_id`, `assignment_id`, `date_created`, `date_updated`, `created_by`, `updated_by`) VALUES
	(21, '2018-03-15', 'N', 21, 1, 28, '2018-03-12 21:21:22', '2018-03-22 02:32:08', 'tima', NULL),
	(68, '2018-04-14', 'D', 73, 5, 32, '2018-04-14 23:27:22', '2018-04-14 17:27:22', 'tima', NULL),
	(69, '2018-04-14', 'D', 102, 6, 26, '2018-04-14 23:27:23', '2018-04-14 17:27:23', 'tima', NULL),
	(70, '2018-04-14', 'D', 72, 4, 26, '2018-04-14 23:27:23', '2018-04-14 17:27:23', 'tima', NULL),
	(71, '2018-04-14', 'D', 30, 6, 27, '2018-04-14 23:27:23', '2018-04-14 17:27:23', 'tima', NULL),
	(72, '2018-04-14', 'D', 19, 3, 29, '2018-04-14 23:27:23', '2018-04-14 17:27:23', 'tima', NULL),
	(73, '2018-04-14', 'D', 32, 4, 27, '2018-04-14 23:27:23', '2018-04-14 17:27:23', 'tima', NULL),
	(74, '2018-04-14', 'D', 57, 6, 27, '2018-04-14 23:27:23', '2018-04-14 17:27:23', 'tima', NULL),
	(75, '2018-04-14', 'D', 56, 6, 28, '2018-04-14 23:27:24', '2018-04-14 17:27:24', 'tima', NULL),
	(76, '2018-04-14', 'D', 33, 1, 26, '2018-04-14 23:27:24', '2018-04-14 17:27:24', 'tima', NULL),
	(77, '2018-04-14', 'D', 38, 1, 26, '2018-04-14 23:27:24', '2018-04-14 17:27:24', 'tima', NULL),
	(78, '2018-04-14', 'D', 42, 1, 27, '2018-04-14 23:27:24', '2018-04-14 17:27:24', 'tima', NULL),
	(79, '2018-04-14', 'D', 39, 1, 26, '2018-04-14 23:27:24', '2018-04-14 17:27:24', 'tima', NULL),
	(80, '2018-04-14', 'D', 46, 1, 28, '2018-04-14 23:27:24', '2018-04-14 17:27:24', 'tima', NULL),
	(81, '2018-04-14', 'D', 48, 1, 28, '2018-04-14 23:27:24', '2018-04-14 17:27:24', 'tima', NULL),
	(82, '2018-04-14', 'D', 49, 1, 28, '2018-04-14 23:27:24', '2018-04-14 17:27:24', 'tima', NULL),
	(83, '2018-04-14', 'D', 45, 1, 27, '2018-04-14 23:27:24', '2018-04-14 17:27:24', 'tima', NULL),
	(84, '2018-04-14', 'D', 47, 1, 28, '2018-04-14 23:27:25', '2018-04-14 17:27:25', 'tima', NULL),
	(85, '2018-04-14', 'D', 51, 1, 28, '2018-04-14 23:27:25', '2018-04-14 17:27:25', 'tima', NULL),
	(86, '2018-04-14', 'D', 50, 1, 28, '2018-04-14 23:27:25', '2018-04-14 17:27:25', 'tima', NULL),
	(87, '2018-04-14', 'D', 60, 1, 27, '2018-04-14 23:27:25', '2018-04-14 17:27:25', 'tima', NULL),
	(88, '2018-04-14', 'D', 53, 1, 28, '2018-04-14 23:27:25', '2018-04-14 17:27:25', 'tima', NULL),
	(89, '2018-04-14', 'D', 61, 1, 27, '2018-04-14 23:27:25', '2018-04-14 17:27:25', 'tima', NULL),
	(90, '2018-04-14', 'D', 63, 1, 28, '2018-04-14 23:27:25', '2018-04-14 17:27:25', 'tima', NULL),
	(91, '2018-04-14', 'D', 65, 1, 26, '2018-04-14 23:27:25', '2018-04-14 17:27:25', 'tima', NULL),
	(92, '2018-04-14', 'D', 64, 1, 28, '2018-04-14 23:27:25', '2018-04-14 17:27:25', 'tima', NULL),
	(93, '2018-04-14', 'D', 62, 1, 28, '2018-04-14 23:27:25', '2018-04-14 17:27:25', 'tima', NULL),
	(94, '2018-04-14', 'D', 66, 1, 26, '2018-04-14 23:27:25', '2018-04-14 17:27:25', 'tima', NULL),
	(95, '2018-04-14', 'D', 68, 1, 26, '2018-04-14 23:27:26', '2018-04-14 17:27:26', 'tima', NULL),
	(96, '2018-04-14', 'D', 67, 1, 26, '2018-04-14 23:27:26', '2018-04-14 17:27:26', 'tima', NULL),
	(97, '2018-04-14', 'D', 70, 1, 26, '2018-04-14 23:27:26', '2018-04-14 17:27:26', 'tima', NULL),
	(98, '2018-04-14', 'D', 69, 1, 26, '2018-04-14 23:27:26', '2018-04-14 17:27:26', 'tima', NULL),
	(100, '2018-04-14', 'D', 59, 2, 28, '2018-04-14 23:27:27', '2018-04-14 17:27:27', 'tima', NULL),
	(163, '2018-04-16', 'N', 171, 3, 31, '2018-04-16 14:15:59', '2018-04-16 14:15:59', 'tima', NULL),
	(164, '2018-04-16', 'N', 97, 5, 32, '2018-04-16 14:15:59', '2018-04-16 14:15:59', 'tima', NULL),
	(165, '2018-04-16', 'N', 99, 4, 26, '2018-04-16 14:15:59', '2018-04-16 14:15:59', 'tima', NULL),
	(166, '2018-04-16', 'N', 98, 4, 27, '2018-04-16 14:15:59', '2018-04-16 14:15:59', 'tima', NULL),
	(167, '2018-04-16', 'N', 101, 6, 26, '2018-04-16 14:15:59', '2018-04-16 14:15:59', 'tima', NULL),
	(168, '2018-04-16', 'N', 100, 6, 28, '2018-04-16 14:15:59', '2018-04-16 14:15:59', 'tima', NULL),
	(169, '2018-04-16', 'N', 34, 1, 28, '2018-04-16 14:15:59', '2018-04-16 14:15:59', 'tima', NULL),
	(170, '2018-04-16', 'N', 40, 1, 26, '2018-04-16 14:15:59', '2018-04-16 14:15:59', 'tima', NULL),
	(171, '2018-04-16', 'N', 42, 1, 27, '2018-04-16 14:15:59', '2018-04-16 14:15:59', 'tima', NULL),
	(172, '2018-04-16', 'N', 44, 1, 26, '2018-04-16 14:15:59', '2018-04-16 14:15:59', 'tima', NULL),
	(173, '2018-04-16', 'N', 48, 1, 26, '2018-04-16 14:15:59', '2018-04-16 14:15:59', 'tima', NULL),
	(174, '2018-04-16', 'N', 49, 1, 28, '2018-04-16 14:15:59', '2018-04-16 14:15:59', 'tima', NULL),
	(175, '2018-04-16', 'N', 65, 1, 26, '2018-04-16 14:15:59', '2018-04-16 14:15:59', 'tima', NULL),
	(176, '2018-04-16', 'N', 76, 1, 28, '2018-04-16 14:15:59', '2018-04-16 14:15:59', 'tima', NULL),
	(177, '2018-04-16', 'N', 77, 1, 28, '2018-04-16 14:15:59', '2018-04-16 14:15:59', 'tima', NULL),
	(178, '2018-04-16', 'N', 80, 1, 26, '2018-04-16 14:15:59', '2018-04-16 14:15:59', 'tima', NULL),
	(179, '2018-04-16', 'N', 81, 1, 27, '2018-04-16 14:15:59', '2018-04-16 14:15:59', 'tima', NULL),
	(180, '2018-04-16', 'N', 82, 1, 27, '2018-04-16 14:15:59', '2018-04-16 14:15:59', 'tima', NULL),
	(181, '2018-04-16', 'N', 84, 1, 26, '2018-04-16 14:15:59', '2018-04-16 14:15:59', 'tima', NULL),
	(182, '2018-04-16', 'N', 86, 1, 28, '2018-04-16 14:15:59', '2018-04-16 14:15:59', 'tima', NULL),
	(183, '2018-04-16', 'N', 87, 1, 26, '2018-04-16 14:15:59', '2018-04-16 14:15:59', 'tima', NULL),
	(184, '2018-04-16', 'N', 89, 1, 27, '2018-04-16 14:15:59', '2018-04-16 14:15:59', 'tima', NULL),
	(185, '2018-04-16', 'N', 90, 1, 28, '2018-04-16 14:15:59', '2018-04-16 14:15:59', 'tima', NULL),
	(186, '2018-04-16', 'N', 95, 1, 28, '2018-04-16 14:15:59', '2018-04-16 14:15:59', 'tima', NULL),
	(187, '2018-04-16', 'N', 96, 1, 26, '2018-04-16 14:15:59', '2018-04-16 14:15:59', 'tima', NULL),
	(188, '2018-04-16', 'N', 103, 1, 28, '2018-04-16 14:15:59', '2018-04-16 14:15:59', 'tima', NULL),
	(189, '2018-04-16', 'N', 164, 1, 27, '2018-04-16 14:15:59', '2018-04-16 14:15:59', 'tima', NULL),
	(190, '2018-04-16', 'N', 172, 1, 28, '2018-04-16 14:15:59', '2018-04-16 14:15:59', 'tima', NULL),
	(191, '2018-04-16', 'N', 173, 1, 26, '2018-04-16 14:15:59', '2018-04-16 14:15:59', 'tima', NULL),
	(192, '2018-04-16', 'N', 215, 1, 28, '2018-04-16 14:15:59', '2018-04-16 14:15:59', 'tima', NULL),
	(193, '2018-04-15', 'D', 19, 3, 29, '2018-04-16 14:37:51', '2018-04-16 14:37:51', 'tima', NULL),
	(194, '2018-04-15', 'D', 59, 2, 28, '2018-04-16 14:37:51', '2018-04-16 14:37:51', 'tima', NULL),
	(195, '2018-04-15', 'D', 73, 5, 32, '2018-04-16 14:37:51', '2018-04-16 14:37:51', 'tima', NULL),
	(196, '2018-04-15', 'D', 72, 4, 26, '2018-04-16 14:37:51', '2018-04-16 14:37:51', 'tima', NULL),
	(197, '2018-04-15', 'D', 54, 4, 27, '2018-04-16 14:37:51', '2018-04-16 14:37:51', 'tima', NULL),
	(198, '2018-04-15', 'D', 102, 6, 26, '2018-04-16 14:37:51', '2018-04-16 14:37:51', 'tima', NULL),
	(199, '2018-04-15', 'D', 30, 6, 27, '2018-04-16 14:37:51', '2018-04-16 14:37:51', 'tima', NULL),
	(200, '2018-04-15', 'D', 56, 6, 28, '2018-04-16 14:37:51', '2018-04-16 14:37:51', 'tima', NULL),
	(201, '2018-04-15', 'D', 57, 6, 26, '2018-04-16 14:37:51', '2018-04-16 14:37:51', 'tima', NULL),
	(202, '2018-04-15', 'D', 33, 1, 26, '2018-04-16 14:37:51', '2018-04-16 14:37:51', 'tima', NULL),
	(203, '2018-04-15', 'D', 35, 1, 26, '2018-04-16 14:37:51', '2018-04-16 14:37:51', 'tima', NULL),
	(204, '2018-04-15', 'D', 38, 1, 26, '2018-04-16 14:37:51', '2018-04-16 14:37:51', 'tima', NULL),
	(205, '2018-04-15', 'D', 45, 1, 27, '2018-04-16 14:37:51', '2018-04-16 14:37:51', 'tima', NULL),
	(206, '2018-04-15', 'D', 46, 1, 28, '2018-04-16 14:37:51', '2018-04-16 14:37:51', 'tima', NULL),
	(207, '2018-04-15', 'D', 47, 1, 28, '2018-04-16 14:37:51', '2018-04-16 14:37:51', 'tima', NULL),
	(208, '2018-04-15', 'D', 50, 1, 28, '2018-04-16 14:37:51', '2018-04-16 14:37:51', 'tima', NULL),
	(209, '2018-04-15', 'D', 51, 1, 28, '2018-04-16 14:37:51', '2018-04-16 14:37:51', 'tima', NULL),
	(210, '2018-04-15', 'D', 53, 1, 28, '2018-04-16 14:37:51', '2018-04-16 14:37:51', 'tima', NULL),
	(211, '2018-04-15', 'D', 60, 1, 27, '2018-04-16 14:37:51', '2018-04-16 14:37:51', 'tima', NULL),
	(212, '2018-04-15', 'D', 61, 1, 27, '2018-04-16 14:37:51', '2018-04-16 14:37:51', 'tima', NULL),
	(213, '2018-04-15', 'D', 62, 1, 28, '2018-04-16 14:37:51', '2018-04-16 14:37:51', 'tima', NULL),
	(214, '2018-04-15', 'D', 63, 1, 26, '2018-04-16 14:37:52', '2018-04-16 14:37:52', 'tima', NULL),
	(215, '2018-04-15', 'D', 64, 1, 28, '2018-04-16 14:37:52', '2018-04-16 14:37:52', 'tima', NULL),
	(216, '2018-04-15', 'D', 67, 1, 26, '2018-04-16 14:37:52', '2018-04-16 14:37:52', 'tima', NULL),
	(217, '2018-04-15', 'D', 68, 1, 26, '2018-04-16 14:37:52', '2018-04-16 14:37:52', 'tima', NULL),
	(218, '2018-04-15', 'D', 69, 1, 26, '2018-04-16 14:37:52', '2018-04-16 14:37:52', 'tima', NULL),
	(219, '2018-04-15', 'D', 70, 1, 28, '2018-04-16 14:37:52', '2018-04-16 14:37:52', 'tima', NULL),
	(220, '2018-04-15', 'D', 118, 1, 26, '2018-04-16 14:37:52', '2018-04-16 14:37:52', 'tima', NULL),
	(221, '2018-04-15', 'D', 137, 1, 27, '2018-04-16 14:37:52', '2018-04-16 14:37:52', 'tima', NULL),
	(222, '2018-04-15', 'D', 160, 1, 28, '2018-04-16 14:37:52', '2018-04-16 14:37:52', 'tima', NULL),
	(223, '2018-04-15', 'D', 175, 1, 28, '2018-04-16 14:37:52', '2018-04-16 14:37:52', 'tima', NULL),
	(235, '2018-04-18', 'N', 104, 3, 31, '2018-04-18 15:20:19', '2018-04-18 15:20:19', 'tima', NULL),
	(236, '2018-04-18', 'N', 97, 5, 32, '2018-04-18 15:20:19', '2018-04-18 15:20:19', 'tima', NULL),
	(237, '2018-04-18', 'N', 33, 1, 26, '2018-04-18 15:20:19', '2018-04-18 15:20:19', 'tima', NULL),
	(238, '2018-04-18', 'N', 38, 1, 26, '2018-04-18 15:20:19', '2018-04-18 15:20:19', 'tima', NULL),
	(239, '2018-04-18', 'N', 106, 1, 26, '2018-04-18 15:20:19', '2018-04-18 15:20:19', 'tima', NULL),
	(240, '2018-04-18', 'N', 111, 1, 26, '2018-04-18 15:20:19', '2018-04-18 15:20:19', 'tima', NULL),
	(241, '2018-04-18', 'N', 129, 1, 26, '2018-04-18 15:20:19', '2018-04-18 15:20:19', 'tima', NULL),
	(242, '2018-04-18', 'N', 140, 1, 26, '2018-04-18 15:20:19', '2018-04-18 15:20:19', 'tima', NULL),
	(243, '2018-04-18', 'N', 142, 1, 26, '2018-04-18 15:20:19', '2018-04-18 15:20:19', 'tima', NULL),
	(244, '2018-04-18', 'N', 161, 1, 26, '2018-04-18 15:20:19', '2018-04-18 15:20:19', 'tima', NULL),
	(245, '2018-04-18', 'N', 196, 1, 26, '2018-04-18 15:20:19', '2018-04-18 15:20:19', 'tima', NULL),
	(246, '2017-11-16', 'D', 19, 3, 30, '2018-06-18 13:04:54', '2018-06-18 13:04:54', 'tima', NULL),
	(247, '2017-11-16', 'D', 67, 2, 26, '2018-06-18 13:04:54', '2018-06-18 13:04:54', 'tima', NULL),
	(248, '2017-11-16', 'D', 156, 5, 32, '2018-06-18 13:04:54', '2018-06-18 13:04:54', 'tima', NULL),
	(249, '2017-11-16', 'D', 31, 4, 28, '2018-06-18 13:04:54', '2018-06-18 13:04:54', 'tima', NULL),
	(250, '2017-11-16', 'D', 98, 4, 26, '2018-06-18 13:04:54', '2018-06-18 13:04:54', 'tima', NULL),
	(251, '2017-11-16', 'D', 32, 4, 27, '2018-06-18 13:04:54', '2018-06-18 13:04:54', 'tima', NULL),
	(252, '2017-11-16', 'D', 101, 6, 28, '2018-06-18 13:04:54', '2018-06-18 13:04:54', 'tima', NULL),
	(253, '2017-11-16', 'D', 30, 6, 26, '2018-06-18 13:04:54', '2018-06-18 13:04:54', 'tima', NULL),
	(254, '2017-11-16', 'D', 57, 6, 27, '2018-06-18 13:04:54', '2018-06-18 13:04:54', 'tima', NULL),
	(255, '2017-11-16', 'D', 38, 1, 28, '2018-06-18 13:04:54', '2018-06-18 13:04:54', 'tima', NULL),
	(256, '2017-11-16', 'D', 39, 1, 27, '2018-06-18 13:04:54', '2018-06-18 13:04:54', 'tima', NULL),
	(257, '2017-11-16', 'D', 41, 1, 26, '2018-06-18 13:04:54', '2018-06-18 13:04:54', 'tima', NULL),
	(258, '2017-11-16', 'D', 42, 1, 28, '2018-06-18 13:04:54', '2018-06-18 13:04:54', 'tima', NULL),
	(259, '2017-11-16', 'D', 43, 1, 26, '2018-06-18 13:04:54', '2018-06-18 13:04:54', 'tima', NULL),
	(260, '2017-11-16', 'D', 45, 1, 28, '2018-06-18 13:04:54', '2018-06-18 13:04:54', 'tima', NULL),
	(261, '2017-11-16', 'D', 47, 1, 26, '2018-06-18 13:04:54', '2018-06-18 13:04:54', 'tima', NULL),
	(262, '2017-11-16', 'D', 48, 1, 26, '2018-06-18 13:04:54', '2018-06-18 13:04:54', 'tima', NULL),
	(263, '2017-11-16', 'D', 53, 1, 28, '2018-06-18 13:04:54', '2018-06-18 13:04:54', 'tima', NULL),
	(264, '2017-11-16', 'D', 60, 1, 26, '2018-06-18 13:04:54', '2018-06-18 13:04:54', 'tima', NULL),
	(265, '2017-11-16', 'D', 61, 1, 28, '2018-06-18 13:04:54', '2018-06-18 13:04:54', 'tima', NULL),
	(266, '2017-11-16', 'D', 62, 1, 28, '2018-06-18 13:04:54', '2018-06-18 13:04:54', 'tima', NULL),
	(267, '2017-11-16', 'D', 63, 1, 27, '2018-06-18 13:04:54', '2018-06-18 13:04:54', 'tima', NULL),
	(268, '2017-11-16', 'D', 64, 1, 26, '2018-06-18 13:04:54', '2018-06-18 13:04:54', 'tima', NULL),
	(269, '2017-11-16', 'D', 68, 1, 28, '2018-06-18 13:04:54', '2018-06-18 13:04:54', 'tima', NULL),
	(270, '2017-11-16', 'D', 70, 1, 27, '2018-06-18 13:04:54', '2018-06-18 13:04:54', 'tima', NULL),
	(271, '2017-11-16', 'D', 81, 1, 28, '2018-06-18 13:04:54', '2018-06-18 13:04:54', 'tima', NULL),
	(272, '2017-11-16', 'D', 124, 1, 26, '2018-06-18 13:04:54', '2018-06-18 13:04:54', 'tima', NULL),
	(273, '2017-11-16', 'D', 163, 1, 26, '2018-06-18 13:04:54', '2018-06-18 13:04:54', 'tima', NULL),
	(274, '2017-11-16', 'D', 176, 1, 26, '2018-06-18 13:04:54', '2018-06-18 13:04:54', 'tima', NULL),
	(275, '2017-11-16', 'D', 180, 1, 26, '2018-06-18 13:04:54', '2018-06-18 13:04:54', 'tima', NULL),
	(276, '2017-11-16', 'D', 192, 1, 27, '2018-06-18 13:04:54', '2018-06-18 13:04:54', 'tima', NULL),
	(277, '2017-11-16', 'N', 75, 3, 31, '2018-06-18 13:28:15', '2018-06-18 13:28:15', 'tima', NULL),
	(278, '2017-11-16', 'N', 155, 5, 32, '2018-06-18 13:28:15', '2018-06-18 13:28:15', 'tima', NULL),
	(279, '2017-11-16', 'N', 72, 4, 27, '2018-06-18 13:28:15', '2018-06-18 13:28:15', 'tima', NULL),
	(280, '2017-11-16', 'N', 102, 6, 26, '2018-06-18 13:28:15', '2018-06-18 13:28:15', 'tima', NULL),
	(281, '2017-11-16', 'N', 100, 6, 27, '2018-06-18 13:28:15', '2018-06-18 13:28:15', 'tima', NULL),
	(282, '2017-11-16', 'N', 56, 6, 28, '2018-06-18 13:28:15', '2018-06-18 13:28:15', 'tima', NULL),
	(283, '2017-11-16', 'N', 69, 1, 28, '2018-06-18 13:28:15', '2018-06-18 13:28:15', 'tima', NULL),
	(284, '2017-11-16', 'N', 77, 1, 26, '2018-06-18 13:28:15', '2018-06-18 13:28:15', 'tima', NULL),
	(285, '2017-11-16', 'N', 78, 1, 28, '2018-06-18 13:28:15', '2018-06-18 13:28:15', 'tima', NULL),
	(286, '2017-11-16', 'N', 80, 1, 26, '2018-06-18 13:28:15', '2018-06-18 13:28:15', 'tima', NULL),
	(287, '2017-11-16', 'N', 88, 1, 28, '2018-06-18 13:28:15', '2018-06-18 13:28:15', 'tima', NULL),
	(288, '2017-11-16', 'N', 89, 1, 26, '2018-06-18 13:28:15', '2018-06-18 13:28:15', 'tima', NULL),
	(289, '2017-11-16', 'N', 90, 1, 27, '2018-06-18 13:28:15', '2018-06-18 13:28:15', 'tima', NULL),
	(290, '2017-11-16', 'N', 91, 1, 27, '2018-06-18 13:28:15', '2018-06-18 13:28:15', 'tima', NULL),
	(291, '2017-11-16', 'N', 92, 1, 26, '2018-06-18 13:28:15', '2018-06-18 13:28:15', 'tima', NULL),
	(292, '2017-11-16', 'N', 93, 1, 28, '2018-06-18 13:28:15', '2018-06-18 13:28:15', 'tima', NULL),
	(293, '2017-11-16', 'N', 94, 1, 26, '2018-06-18 13:28:15', '2018-06-18 13:28:15', 'tima', NULL),
	(294, '2017-11-16', 'N', 95, 1, 28, '2018-06-18 13:28:15', '2018-06-18 13:28:15', 'tima', NULL),
	(295, '2017-11-16', 'N', 96, 1, 26, '2018-06-18 13:28:15', '2018-06-18 13:28:15', 'tima', NULL),
	(296, '2017-11-16', 'N', 103, 1, 28, '2018-06-18 13:28:15', '2018-06-18 13:28:15', 'tima', NULL),
	(297, '2017-11-16', 'N', 115, 1, 28, '2018-06-18 13:28:15', '2018-06-18 13:28:15', 'tima', NULL),
	(298, '2017-11-16', 'N', 120, 1, 26, '2018-06-18 13:28:15', '2018-06-18 13:28:15', 'tima', NULL),
	(299, '2017-11-16', 'N', 130, 1, 26, '2018-06-18 13:28:15', '2018-06-18 13:28:15', 'tima', NULL),
	(300, '2017-11-16', 'N', 157, 1, 27, '2018-06-18 13:28:15', '2018-06-18 13:28:15', 'tima', NULL),
	(301, '2017-11-16', 'N', 161, 1, 28, '2018-06-18 13:28:15', '2018-06-18 13:28:15', 'tima', NULL),
	(302, '2017-11-16', 'N', 185, 1, 26, '2018-06-18 13:28:15', '2018-06-18 13:28:15', 'tima', NULL),
	(303, '2017-11-16', 'N', 204, 1, 28, '2018-06-18 13:28:16', '2018-06-18 13:28:16', 'tima', NULL),
	(304, '2017-11-16', 'D', 245, 1, 26, '2018-06-18 13:28:57', '2018-06-18 13:28:57', 'tima', NULL),
	(305, '2017-11-16', 'D', 221, 4, 31, '2018-06-18 13:38:30', '2018-06-18 13:38:30', 'tima', NULL),
	(306, '2017-11-17', 'D', 104, 3, 29, '2018-06-18 13:53:28', '2018-06-18 13:53:28', 'tima', NULL),
	(307, '2017-11-17', 'D', 111, 2, 28, '2018-06-18 13:53:28', '2018-06-18 13:53:28', 'tima', NULL),
	(308, '2017-11-17', 'D', 154, 5, 32, '2018-06-18 13:53:28', '2018-06-18 13:53:28', 'tima', NULL),
	(309, '2017-11-17', 'D', 246, 4, 28, '2018-06-18 13:53:28', '2018-06-18 13:53:28', 'tima', NULL),
	(310, '2017-11-17', 'D', 98, 4, 26, '2018-06-18 13:53:28', '2018-06-18 13:53:28', 'tima', NULL),
	(311, '2017-11-17', 'D', 222, 4, 27, '2018-06-18 13:53:28', '2018-06-18 13:53:28', 'tima', NULL),
	(312, '2017-11-17', 'D', 235, 6, 28, '2018-06-18 13:53:28', '2018-06-18 13:53:28', 'tima', NULL),
	(313, '2017-11-17', 'D', 57, 6, 26, '2018-06-18 13:53:28', '2018-06-18 13:53:28', 'tima', NULL),
	(314, '2017-11-17', 'D', 240, 6, 27, '2018-06-18 13:53:28', '2018-06-18 13:53:28', 'tima', NULL),
	(315, '2017-11-17', 'D', 43, 1, 26, '2018-06-18 13:53:28', '2018-06-18 13:53:28', 'tima', NULL),
	(316, '2017-11-17', 'D', 53, 1, 28, '2018-06-18 13:53:28', '2018-06-18 13:53:28', 'tima', NULL),
	(317, '2017-11-17', 'D', 59, 1, 27, '2018-06-18 13:53:28', '2018-06-18 13:53:28', 'tima', NULL),
	(318, '2017-11-17', 'D', 67, 1, 26, '2018-06-18 13:53:28', '2018-06-18 13:53:28', 'tima', NULL),
	(319, '2017-11-17', 'D', 108, 1, 26, '2018-06-18 13:53:28', '2018-06-18 13:53:28', 'tima', NULL),
	(320, '2017-11-17', 'D', 113, 1, 28, '2018-06-18 13:53:28', '2018-06-18 13:53:28', 'tima', NULL),
	(321, '2017-11-17', 'D', 122, 1, 28, '2018-06-18 13:53:28', '2018-06-18 13:53:28', 'tima', NULL),
	(322, '2017-11-17', 'D', 134, 1, 28, '2018-06-18 13:53:28', '2018-06-18 13:53:28', 'tima', NULL),
	(323, '2017-11-17', 'D', 140, 1, 27, '2018-06-18 13:53:28', '2018-06-18 13:53:28', 'tima', NULL),
	(324, '2017-11-17', 'D', 145, 1, 28, '2018-06-18 13:53:28', '2018-06-18 13:53:28', 'tima', NULL),
	(325, '2017-11-17', 'D', 146, 1, 28, '2018-06-18 13:53:28', '2018-06-18 13:53:28', 'tima', NULL),
	(326, '2017-11-17', 'D', 149, 1, 26, '2018-06-18 13:53:28', '2018-06-18 13:53:28', 'tima', NULL),
	(327, '2017-11-17', 'D', 163, 1, 27, '2018-06-18 13:53:28', '2018-06-18 13:53:28', 'tima', NULL),
	(328, '2017-11-17', 'D', 168, 1, 28, '2018-06-18 13:53:28', '2018-06-18 13:53:28', 'tima', NULL),
	(329, '2017-11-17', 'D', 170, 1, 26, '2018-06-18 13:53:28', '2018-06-18 13:53:28', 'tima', NULL),
	(330, '2017-11-17', 'D', 171, 1, 28, '2018-06-18 13:53:28', '2018-06-18 13:53:28', 'tima', NULL),
	(331, '2017-11-17', 'D', 176, 1, 26, '2018-06-18 13:53:28', '2018-06-18 13:53:28', 'tima', NULL),
	(332, '2017-11-17', 'D', 180, 1, 26, '2018-06-18 13:53:28', '2018-06-18 13:53:28', 'tima', NULL),
	(333, '2017-11-17', 'D', 184, 1, 27, '2018-06-18 13:53:28', '2018-06-18 13:53:28', 'tima', NULL),
	(334, '2017-11-17', 'D', 188, 1, 28, '2018-06-18 13:53:29', '2018-06-18 13:53:29', 'tima', NULL),
	(335, '2017-11-17', 'D', 214, 1, 26, '2018-06-18 13:53:29', '2018-06-18 13:53:29', 'tima', NULL),
	(336, '2017-11-17', 'N', 19, 3, 31, '2018-06-18 14:10:39', '2018-06-18 14:10:39', 'tima', NULL),
	(337, '2017-11-17', 'N', 155, 5, 32, '2018-06-18 14:10:39', '2018-06-18 14:10:39', 'tima', NULL),
	(338, '2017-11-17', 'N', 225, 4, 26, '2018-06-18 14:10:39', '2018-06-18 14:10:39', 'tima', NULL),
	(339, '2017-11-17', 'N', 227, 4, 27, '2018-06-18 14:10:39', '2018-06-18 14:10:39', 'tima', NULL),
	(340, '2017-11-17', 'N', 228, 4, 28, '2018-06-18 14:10:39', '2018-06-18 14:10:39', 'tima', NULL),
	(341, '2017-11-17', 'N', 230, 6, 26, '2018-06-18 14:10:39', '2018-06-18 14:10:39', 'tima', NULL),
	(342, '2017-11-17', 'N', 234, 6, 28, '2018-06-18 14:10:39', '2018-06-18 14:10:39', 'tima', NULL),
	(343, '2017-11-17', 'N', 37, 1, 26, '2018-06-18 14:10:39', '2018-06-18 14:10:39', 'tima', NULL),
	(344, '2017-11-17', 'N', 39, 1, 27, '2018-06-18 14:10:39', '2018-06-18 14:10:39', 'tima', NULL),
	(345, '2017-11-17', 'N', 42, 1, 28, '2018-06-18 14:10:39', '2018-06-18 14:10:39', 'tima', NULL),
	(346, '2017-11-17', 'N', 45, 1, 28, '2018-06-18 14:10:39', '2018-06-18 14:10:39', 'tima', NULL),
	(347, '2017-11-17', 'N', 46, 1, 28, '2018-06-18 14:10:39', '2018-06-18 14:10:39', 'tima', NULL),
	(348, '2017-11-17', 'N', 47, 1, 26, '2018-06-18 14:10:39', '2018-06-18 14:10:39', 'tima', NULL),
	(349, '2017-11-17', 'N', 48, 1, 26, '2018-06-18 14:10:39', '2018-06-18 14:10:39', 'tima', NULL),
	(350, '2017-11-17', 'N', 60, 1, 26, '2018-06-18 14:10:39', '2018-06-18 14:10:39', 'tima', NULL),
	(351, '2017-11-17', 'N', 61, 1, 28, '2018-06-18 14:10:39', '2018-06-18 14:10:39', 'tima', NULL),
	(352, '2017-11-17', 'N', 63, 1, 27, '2018-06-18 14:10:39', '2018-06-18 14:10:39', 'tima', NULL),
	(353, '2017-11-17', 'N', 70, 1, 28, '2018-06-18 14:10:39', '2018-06-18 14:10:39', 'tima', NULL),
	(354, '2017-11-17', 'N', 76, 1, 28, '2018-06-18 14:10:39', '2018-06-18 14:10:39', 'tima', NULL),
	(355, '2017-11-17', 'N', 81, 1, 28, '2018-06-18 14:10:39', '2018-06-18 14:10:39', 'tima', NULL),
	(356, '2017-11-17', 'N', 82, 1, 28, '2018-06-18 14:10:39', '2018-06-18 14:10:39', 'tima', NULL),
	(357, '2017-11-17', 'N', 83, 1, 28, '2018-06-18 14:10:39', '2018-06-18 14:10:39', 'tima', NULL),
	(358, '2017-11-17', 'N', 124, 1, 26, '2018-06-18 14:10:39', '2018-06-18 14:10:39', 'tima', NULL),
	(359, '2017-11-17', 'N', 128, 1, 27, '2018-06-18 14:10:39', '2018-06-18 14:10:39', 'tima', NULL),
	(360, '2017-11-17', 'N', 150, 1, 26, '2018-06-18 14:10:39', '2018-06-18 14:10:39', 'tima', NULL),
	(361, '2017-11-17', 'N', 161, 1, 26, '2018-06-18 14:10:39', '2018-06-18 14:10:39', 'tima', NULL),
	(362, '2017-11-17', 'N', 181, 1, 28, '2018-06-18 14:10:39', '2018-06-18 14:10:39', 'tima', NULL),
	(363, '2017-11-17', 'N', 191, 1, 26, '2018-06-18 14:10:39', '2018-06-18 14:10:39', 'tima', NULL),
	(364, '2017-11-17', 'N', 199, 1, 26, '2018-06-18 14:10:39', '2018-06-18 14:10:39', 'tima', NULL),
	(365, '2017-11-17', 'N', 213, 1, 26, '2018-06-18 14:10:39', '2018-06-18 14:10:39', 'tima', NULL),
	(366, '2017-11-18', 'D', 104, 3, 29, '2018-06-18 14:16:54', '2018-06-18 14:16:54', 'tima', NULL),
	(367, '2017-11-18', 'D', 111, 2, 28, '2018-06-18 14:16:54', '2018-06-18 14:16:54', 'tima', NULL),
	(368, '2017-11-18', 'D', 154, 5, 32, '2018-06-18 14:16:54', '2018-06-18 14:16:54', 'tima', NULL),
	(369, '2017-11-18', 'D', 222, 4, 27, '2018-06-18 14:16:54', '2018-06-18 14:16:54', 'tima', NULL),
	(370, '2017-11-18', 'D', 71, 4, 26, '2018-06-18 14:16:54', '2018-06-18 14:16:54', 'tima', NULL),
	(371, '2017-11-18', 'D', 235, 6, 28, '2018-06-18 14:16:54', '2018-06-18 14:16:54', 'tima', NULL),
	(372, '2017-11-18', 'D', 238, 6, 26, '2018-06-18 14:16:55', '2018-06-18 14:16:55', 'tima', NULL),
	(373, '2017-11-18', 'D', 240, 6, 26, '2018-06-18 14:16:55', '2018-06-18 14:16:55', 'tima', NULL),
	(374, '2017-11-18', 'D', 241, 6, 27, '2018-06-18 14:16:55', '2018-06-18 14:16:55', 'tima', NULL),
	(375, '2017-11-18', 'D', 36, 1, 26, '2018-06-18 14:16:55', '2018-06-18 14:16:55', 'tima', NULL),
	(376, '2017-11-18', 'D', 44, 1, 28, '2018-06-18 14:16:55', '2018-06-18 14:16:55', 'tima', NULL),
	(377, '2017-11-18', 'D', 51, 1, 28, '2018-06-18 14:16:55', '2018-06-18 14:16:55', 'tima', NULL),
	(378, '2017-11-18', 'D', 66, 1, 26, '2018-06-18 14:16:55', '2018-06-18 14:16:55', 'tima', NULL),
	(379, '2017-11-18', 'D', 78, 1, 28, '2018-06-18 14:16:55', '2018-06-18 14:16:55', 'tima', NULL),
	(380, '2017-11-18', 'D', 86, 1, 28, '2018-06-18 14:16:55', '2018-06-18 14:16:55', 'tima', NULL),
	(381, '2017-11-18', 'D', 90, 1, 28, '2018-06-18 14:16:55', '2018-06-18 14:16:55', 'tima', NULL),
	(382, '2017-11-18', 'D', 108, 1, 26, '2018-06-18 14:16:55', '2018-06-18 14:16:55', 'tima', NULL),
	(383, '2017-11-18', 'D', 109, 1, 26, '2018-06-18 14:16:55', '2018-06-18 14:16:55', 'tima', NULL),
	(384, '2017-11-18', 'D', 113, 1, 28, '2018-06-18 14:16:55', '2018-06-18 14:16:55', 'tima', NULL),
	(385, '2017-11-18', 'D', 129, 1, 28, '2018-06-18 14:16:55', '2018-06-18 14:16:55', 'tima', NULL),
	(386, '2017-11-18', 'D', 134, 1, 28, '2018-06-18 14:16:55', '2018-06-18 14:16:55', 'tima', NULL),
	(387, '2017-11-18', 'D', 140, 1, 27, '2018-06-18 14:16:55', '2018-06-18 14:16:55', 'tima', NULL),
	(388, '2017-11-18', 'D', 146, 1, 26, '2018-06-18 14:16:55', '2018-06-18 14:16:55', 'tima', NULL),
	(389, '2017-11-18', 'D', 149, 1, 26, '2018-06-18 14:16:55', '2018-06-18 14:16:55', 'tima', NULL),
	(390, '2017-11-18', 'D', 151, 1, 26, '2018-06-18 14:16:55', '2018-06-18 14:16:55', 'tima', NULL),
	(391, '2017-11-18', 'D', 163, 1, 27, '2018-06-18 14:16:55', '2018-06-18 14:16:55', 'tima', NULL),
	(392, '2017-11-18', 'D', 164, 1, 26, '2018-06-18 14:16:55', '2018-06-18 14:16:55', 'tima', NULL),
	(393, '2017-11-18', 'D', 167, 1, 28, '2018-06-18 14:16:55', '2018-06-18 14:16:55', 'tima', NULL),
	(394, '2017-11-18', 'D', 170, 1, 26, '2018-06-18 14:16:55', '2018-06-18 14:16:55', 'tima', NULL),
	(395, '2017-11-18', 'D', 171, 1, 28, '2018-06-18 14:16:55', '2018-06-18 14:16:55', 'tima', NULL),
	(396, '2017-11-18', 'D', 183, 1, 26, '2018-06-18 14:16:55', '2018-06-18 14:16:55', 'tima', NULL),
	(397, '2017-11-18', 'D', 189, 1, 26, '2018-06-18 14:16:55', '2018-06-18 14:16:55', 'tima', NULL),
	(398, '2017-11-19', 'D', 104, 3, 29, '2018-06-19 14:48:45', '2018-06-19 14:48:45', 'tima', NULL),
	(399, '2017-11-19', 'D', 111, 2, 28, '2018-06-19 14:48:45', '2018-06-19 14:48:45', 'tima', NULL),
	(400, '2017-11-19', 'D', 154, 5, 32, '2018-06-19 14:48:45', '2018-06-19 14:48:45', 'tima', NULL),
	(401, '2017-11-19', 'D', 220, 4, 28, '2018-06-19 14:48:45', '2018-06-19 14:48:45', 'tima', NULL),
	(402, '2017-11-19', 'D', 222, 4, 27, '2018-06-19 14:48:45', '2018-06-19 14:48:45', 'tima', NULL),
	(403, '2017-11-19', 'D', 71, 4, 26, '2018-06-19 14:48:45', '2018-06-19 14:48:45', 'tima', NULL),
	(404, '2017-11-19', 'D', 235, 6, 28, '2018-06-19 14:48:45', '2018-06-19 14:48:45', 'tima', NULL),
	(405, '2017-11-19', 'D', 238, 6, 26, '2018-06-19 14:48:45', '2018-06-19 14:48:45', 'tima', NULL),
	(406, '2017-11-19', 'D', 241, 6, 27, '2018-06-19 14:48:45', '2018-06-19 14:48:45', 'tima', NULL),
	(407, '2017-11-19', 'D', 36, 1, 26, '2018-06-19 14:48:45', '2018-06-19 14:48:45', 'tima', NULL),
	(408, '2017-11-19', 'D', 49, 1, 28, '2018-06-19 14:48:45', '2018-06-19 14:48:45', 'tima', NULL),
	(409, '2017-11-19', 'D', 53, 1, 28, '2018-06-19 14:48:45', '2018-06-19 14:48:45', 'tima', NULL),
	(410, '2017-11-19', 'D', 80, 1, 28, '2018-06-19 14:48:45', '2018-06-19 14:48:45', 'tima', NULL),
	(411, '2017-11-19', 'D', 81, 1, 28, '2018-06-19 14:48:45', '2018-06-19 14:48:45', 'tima', NULL),
	(412, '2017-11-19', 'D', 93, 1, 28, '2018-06-19 14:48:45', '2018-06-19 14:48:45', 'tima', NULL),
	(413, '2017-11-19', 'D', 108, 1, 26, '2018-06-19 14:48:45', '2018-06-19 14:48:45', 'tima', NULL),
	(414, '2017-11-19', 'D', 109, 1, 26, '2018-06-19 14:48:45', '2018-06-19 14:48:45', 'tima', NULL),
	(415, '2017-11-19', 'D', 126, 1, 28, '2018-06-19 14:48:45', '2018-06-19 14:48:45', 'tima', NULL),
	(416, '2017-11-19', 'D', 129, 1, 28, '2018-06-19 14:48:45', '2018-06-19 14:48:45', 'tima', NULL),
	(417, '2017-11-19', 'D', 134, 1, 28, '2018-06-19 14:48:45', '2018-06-19 14:48:45', 'tima', NULL),
	(418, '2017-11-19', 'D', 140, 1, 27, '2018-06-19 14:48:45', '2018-06-19 14:48:45', 'tima', NULL),
	(419, '2017-11-19', 'D', 146, 1, 28, '2018-06-19 14:48:45', '2018-06-19 14:48:45', 'tima', NULL),
	(420, '2017-11-19', 'D', 149, 1, 26, '2018-06-19 14:48:45', '2018-06-19 14:48:45', 'tima', NULL),
	(421, '2017-11-19', 'D', 151, 1, 27, '2018-06-19 14:48:45', '2018-06-19 14:48:45', 'tima', NULL),
	(422, '2017-11-19', 'D', 164, 1, 26, '2018-06-19 14:48:45', '2018-06-19 14:48:45', 'tima', NULL),
	(423, '2017-11-19', 'D', 167, 1, 28, '2018-06-19 14:48:45', '2018-06-19 14:48:45', 'tima', NULL),
	(424, '2017-11-19', 'D', 168, 1, 28, '2018-06-19 14:48:45', '2018-06-19 14:48:45', 'tima', NULL),
	(425, '2017-11-19', 'D', 171, 1, 28, '2018-06-19 14:48:45', '2018-06-19 14:48:45', 'tima', NULL),
	(426, '2017-11-19', 'D', 182, 1, 26, '2018-06-19 14:48:45', '2018-06-19 14:48:45', 'tima', NULL),
	(427, '2017-11-19', 'D', 183, 1, 26, '2018-06-19 14:48:45', '2018-06-19 14:48:45', 'tima', NULL),
	(428, '2017-11-19', 'D', 216, 1, 27, '2018-06-19 14:48:45', '2018-06-19 14:48:45', 'tima', NULL),
	(429, '2017-11-19', 'N', 19, 3, 31, '2018-06-19 14:57:54', '2018-06-19 14:57:54', 'tima', NULL),
	(430, '2017-11-19', 'N', 73, 5, 32, '2018-06-19 14:57:54', '2018-06-19 14:57:54', 'tima', NULL),
	(431, '2017-11-19', 'N', 227, 4, 27, '2018-06-19 14:57:54', '2018-06-19 14:57:54', 'tima', NULL),
	(432, '2017-11-19', 'N', 228, 4, 28, '2018-06-19 14:57:54', '2018-06-19 14:57:54', 'tima', NULL),
	(433, '2017-11-19', 'N', 230, 6, 26, '2018-06-19 14:57:54', '2018-06-19 14:57:54', 'tima', NULL),
	(434, '2017-11-19', 'N', 234, 6, 27, '2018-06-19 14:57:54', '2018-06-19 14:57:54', 'tima', NULL),
	(435, '2017-11-19', 'N', 240, 6, 28, '2018-06-19 14:57:54', '2018-06-19 14:57:54', 'tima', NULL),
	(436, '2017-11-19', 'N', 29, 1, 26, '2018-06-19 14:57:54', '2018-06-19 14:57:54', 'tima', NULL),
	(437, '2017-11-19', 'N', 37, 1, 26, '2018-06-19 14:57:54', '2018-06-19 14:57:54', 'tima', NULL),
	(438, '2017-11-19', 'N', 44, 1, 28, '2018-06-19 14:57:54', '2018-06-19 14:57:54', 'tima', NULL),
	(439, '2017-11-19', 'N', 45, 1, 28, '2018-06-19 14:57:54', '2018-06-19 14:57:54', 'tima', NULL),
	(440, '2017-11-19', 'N', 48, 1, 26, '2018-06-19 14:57:54', '2018-06-19 14:57:54', 'tima', NULL),
	(441, '2017-11-19', 'N', 60, 1, 26, '2018-06-19 14:57:54', '2018-06-19 14:57:54', 'tima', NULL),
	(442, '2017-11-19', 'N', 61, 1, 28, '2018-06-19 14:57:54', '2018-06-19 14:57:54', 'tima', NULL),
	(443, '2017-11-19', 'N', 62, 1, 26, '2018-06-19 14:57:54', '2018-06-19 14:57:54', 'tima', NULL),
	(444, '2017-11-19', 'N', 63, 1, 27, '2018-06-19 14:57:54', '2018-06-19 14:57:54', 'tima', NULL),
	(445, '2017-11-19', 'N', 65, 1, 27, '2018-06-19 14:57:54', '2018-06-19 14:57:54', 'tima', NULL),
	(446, '2017-11-19', 'N', 86, 1, 28, '2018-06-19 14:57:54', '2018-06-19 14:57:54', 'tima', NULL),
	(447, '2017-11-19', 'N', 88, 1, 26, '2018-06-19 14:57:54', '2018-06-19 14:57:54', 'tima', NULL),
	(448, '2017-11-19', 'N', 90, 1, 28, '2018-06-19 14:57:54', '2018-06-19 14:57:54', 'tima', NULL),
	(449, '2017-11-19', 'N', 91, 1, 26, '2018-06-19 14:57:54', '2018-06-19 14:57:54', 'tima', NULL),
	(450, '2017-11-19', 'N', 113, 1, 28, '2018-06-19 14:57:54', '2018-06-19 14:57:54', 'tima', NULL),
	(451, '2017-11-19', 'N', 128, 1, 28, '2018-06-19 14:57:54', '2018-06-19 14:57:54', 'tima', NULL),
	(452, '2017-11-19', 'N', 130, 1, 27, '2018-06-19 14:57:54', '2018-06-19 14:57:54', 'tima', NULL),
	(453, '2017-11-19', 'N', 139, 1, 26, '2018-06-19 14:57:54', '2018-06-19 14:57:54', 'tima', NULL),
	(454, '2017-11-19', 'N', 162, 1, 28, '2018-06-19 14:57:54', '2018-06-19 14:57:54', 'tima', NULL),
	(455, '2017-11-19', 'N', 170, 1, 28, '2018-06-19 14:57:54', '2018-06-19 14:57:54', 'tima', NULL),
	(456, '2017-11-19', 'N', 181, 1, 28, '2018-06-19 14:57:54', '2018-06-19 14:57:54', 'tima', NULL),
	(457, '2017-11-19', 'N', 184, 1, 28, '2018-06-19 14:57:54', '2018-06-19 14:57:54', 'tima', NULL),
	(458, '2017-11-19', 'N', 199, 1, 26, '2018-06-19 14:57:55', '2018-06-19 14:57:55', 'tima', NULL),
	(459, '2017-11-20', 'D', 105, 3, 29, '2018-06-19 15:10:45', '2018-06-19 15:10:45', 'tima', NULL),
	(460, '2017-11-20', 'D', 132, 2, 28, '2018-06-19 15:10:45', '2018-06-19 15:10:45', 'tima', NULL),
	(461, '2017-11-20', 'D', 97, 5, 32, '2018-06-19 15:10:45', '2018-06-19 15:10:45', 'tima', NULL),
	(462, '2017-11-20', 'D', 31, 4, 28, '2018-06-19 15:10:45', '2018-06-19 15:10:45', 'tima', NULL),
	(463, '2017-11-20', 'D', 55, 4, 27, '2018-06-19 15:10:45', '2018-06-19 15:10:45', 'tima', NULL),
	(464, '2017-11-20', 'D', 32, 4, 26, '2018-06-19 15:10:45', '2018-06-19 15:10:45', 'tima', NULL),
	(465, '2017-11-20', 'D', 102, 6, 28, '2018-06-19 15:10:45', '2018-06-19 15:10:45', 'tima', NULL),
	(466, '2017-11-20', 'D', 30, 6, 26, '2018-06-19 15:10:45', '2018-06-19 15:10:45', 'tima', NULL),
	(467, '2017-11-20', 'D', 56, 6, 27, '2018-06-19 15:10:45', '2018-06-19 15:10:45', 'tima', NULL),
	(468, '2017-11-20', 'D', 57, 6, 28, '2018-06-19 15:10:45', '2018-06-19 15:10:45', 'tima', NULL),
	(469, '2017-11-20', 'D', 38, 1, 26, '2018-06-19 15:10:45', '2018-06-19 15:10:45', 'tima', NULL),
	(470, '2017-11-20', 'D', 41, 1, 28, '2018-06-19 15:10:45', '2018-06-19 15:10:45', 'tima', NULL),
	(471, '2017-11-20', 'D', 43, 1, 26, '2018-06-19 15:10:45', '2018-06-19 15:10:45', 'tima', NULL),
	(472, '2017-11-20', 'D', 68, 1, 28, '2018-06-19 15:10:45', '2018-06-19 15:10:45', 'tima', NULL),
	(473, '2017-11-20', 'D', 76, 1, 26, '2018-06-19 15:10:45', '2018-06-19 15:10:45', 'tima', NULL),
	(474, '2017-11-20', 'D', 92, 1, 26, '2018-06-19 15:10:45', '2018-06-19 15:10:45', 'tima', NULL),
	(475, '2017-11-20', 'D', 107, 1, 26, '2018-06-19 15:10:45', '2018-06-19 15:10:45', 'tima', NULL),
	(476, '2017-11-20', 'D', 112, 1, 28, '2018-06-19 15:10:45', '2018-06-19 15:10:45', 'tima', NULL),
	(477, '2017-11-20', 'D', 119, 1, 27, '2018-06-19 15:10:45', '2018-06-19 15:10:45', 'tima', NULL),
	(478, '2017-11-20', 'D', 134, 1, 28, '2018-06-19 15:10:45', '2018-06-19 15:10:45', 'tima', NULL),
	(479, '2017-11-20', 'D', 135, 1, 28, '2018-06-19 15:10:45', '2018-06-19 15:10:45', 'tima', NULL),
	(480, '2017-11-20', 'D', 143, 1, 26, '2018-06-19 15:10:45', '2018-06-19 15:10:45', 'tima', NULL),
	(481, '2017-11-20', 'D', 144, 1, 28, '2018-06-19 15:10:45', '2018-06-19 15:10:45', 'tima', NULL),
	(482, '2017-11-20', 'D', 145, 1, 28, '2018-06-19 15:10:45', '2018-06-19 15:10:45', 'tima', NULL),
	(483, '2017-11-20', 'D', 147, 1, 28, '2018-06-19 15:10:45', '2018-06-19 15:10:45', 'tima', NULL),
	(484, '2017-11-20', 'D', 150, 1, 26, '2018-06-19 15:10:45', '2018-06-19 15:10:45', 'tima', NULL),
	(485, '2017-11-20', 'D', 156, 1, 27, '2018-06-19 15:10:45', '2018-06-19 15:10:45', 'tima', NULL),
	(486, '2017-11-20', 'D', 164, 1, 26, '2018-06-19 15:10:45', '2018-06-19 15:10:45', 'tima', NULL),
	(487, '2017-11-20', 'D', 176, 1, 26, '2018-06-19 15:10:45', '2018-06-19 15:10:45', 'tima', NULL),
	(488, '2017-11-20', 'D', 179, 1, 28, '2018-06-19 15:10:45', '2018-06-19 15:10:45', 'tima', NULL),
	(489, '2017-11-20', 'D', 188, 1, 28, '2018-06-19 15:10:45', '2018-06-19 15:10:45', 'tima', NULL),
	(490, '2017-11-20', 'D', 247, 1, 27, '2018-06-19 15:11:50', '2018-06-19 15:11:50', 'tima', NULL),
	(491, '2017-11-20', 'N', 104, 3, 31, '2018-06-19 15:22:42', '2018-06-19 15:22:42', 'tima', NULL),
	(492, '2017-11-20', 'N', 73, 5, 32, '2018-06-19 15:22:42', '2018-06-19 15:22:42', 'tima', NULL),
	(493, '2017-11-20', 'N', 219, 4, 27, '2018-06-19 15:22:42', '2018-06-19 15:22:42', 'tima', NULL),
	(494, '2017-11-20', 'N', 98, 4, 26, '2018-06-19 15:22:42', '2018-06-19 15:22:42', 'tima', NULL),
	(495, '2017-11-20', 'N', 101, 6, 27, '2018-06-19 15:22:42', '2018-06-19 15:22:42', 'tima', NULL),
	(496, '2017-11-20', 'N', 29, 1, 26, '2018-06-19 15:22:42', '2018-06-19 15:22:42', 'tima', NULL),
	(497, '2017-11-20', 'N', 36, 1, 27, '2018-06-19 15:22:42', '2018-06-19 15:22:42', 'tima', NULL),
	(498, '2017-11-20', 'N', 40, 1, 28, '2018-06-19 15:22:42', '2018-06-19 15:22:42', 'tima', NULL),
	(499, '2017-11-20', 'N', 51, 1, 26, '2018-06-19 15:22:42', '2018-06-19 15:22:42', 'tima', NULL),
	(500, '2017-11-20', 'N', 66, 1, 27, '2018-06-19 15:22:42', '2018-06-19 15:22:42', 'tima', NULL),
	(501, '2017-11-20', 'N', 86, 1, 28, '2018-06-19 15:22:42', '2018-06-19 15:22:42', 'tima', NULL),
	(502, '2017-11-20', 'N', 87, 1, 28, '2018-06-19 15:22:42', '2018-06-19 15:22:42', 'tima', NULL),
	(503, '2017-11-20', 'N', 108, 1, 28, '2018-06-19 15:22:42', '2018-06-19 15:22:42', 'tima', NULL),
	(504, '2017-11-20', 'N', 109, 1, 26, '2018-06-19 15:22:42', '2018-06-19 15:22:42', 'tima', NULL),
	(505, '2017-11-20', 'N', 111, 1, 28, '2018-06-19 15:22:42', '2018-06-19 15:22:42', 'tima', NULL),
	(506, '2017-11-20', 'N', 113, 1, 28, '2018-06-19 15:22:42', '2018-06-19 15:22:42', 'tima', NULL),
	(507, '2017-11-20', 'N', 117, 1, 26, '2018-06-19 15:22:42', '2018-06-19 15:22:42', 'tima', NULL),
	(508, '2017-11-20', 'N', 126, 1, 28, '2018-06-19 15:22:42', '2018-06-19 15:22:42', 'tima', NULL),
	(509, '2017-11-20', 'N', 127, 1, 26, '2018-06-19 15:22:42', '2018-06-19 15:22:42', 'tima', NULL),
	(510, '2017-11-20', 'N', 129, 1, 28, '2018-06-19 15:22:42', '2018-06-19 15:22:42', 'tima', NULL),
	(511, '2017-11-20', 'N', 136, 1, 28, '2018-06-19 15:22:42', '2018-06-19 15:22:42', 'tima', NULL),
	(512, '2017-11-20', 'N', 139, 1, 26, '2018-06-19 15:22:42', '2018-06-19 15:22:42', 'tima', NULL),
	(513, '2017-11-20', 'N', 140, 1, 27, '2018-06-19 15:22:42', '2018-06-19 15:22:42', 'tima', NULL),
	(514, '2017-11-20', 'N', 146, 1, 26, '2018-06-19 15:22:43', '2018-06-19 15:22:43', 'tima', NULL),
	(515, '2017-11-20', 'N', 149, 1, 26, '2018-06-19 15:22:43', '2018-06-19 15:22:43', 'tima', NULL),
	(516, '2017-11-20', 'N', 151, 1, 27, '2018-06-19 15:22:43', '2018-06-19 15:22:43', 'tima', NULL),
	(517, '2017-11-20', 'N', 159, 1, 26, '2018-06-19 15:22:43', '2018-06-19 15:22:43', 'tima', NULL),
	(518, '2017-11-20', 'N', 170, 1, 28, '2018-06-19 15:22:43', '2018-06-19 15:22:43', 'tima', NULL),
	(519, '2017-11-20', 'N', 214, 1, 28, '2018-06-19 15:22:43', '2018-06-19 15:22:43', 'tima', NULL),
	(520, '2017-11-20', 'N', 248, 6, 26, '2018-06-19 15:23:48', '2018-06-19 15:23:48', 'tima', NULL),
	(521, '2017-11-21', 'D', 105, 3, 29, '2018-06-19 15:33:09', '2018-06-19 15:33:09', 'tima', NULL),
	(522, '2017-11-21', 'D', 132, 2, 28, '2018-06-19 15:33:09', '2018-06-19 15:33:09', 'tima', NULL),
	(523, '2017-11-21', 'D', 97, 5, 32, '2018-06-19 15:33:09', '2018-06-19 15:33:09', 'tima', NULL),
	(524, '2017-11-21', 'D', 31, 4, 28, '2018-06-19 15:33:09', '2018-06-19 15:33:09', 'tima', NULL),
	(525, '2017-11-21', 'D', 55, 4, 27, '2018-06-19 15:33:09', '2018-06-19 15:33:09', 'tima', NULL),
	(526, '2017-11-21', 'D', 32, 4, 26, '2018-06-19 15:33:09', '2018-06-19 15:33:09', 'tima', NULL),
	(527, '2017-11-21', 'D', 30, 6, 26, '2018-06-19 15:33:09', '2018-06-19 15:33:09', 'tima', NULL),
	(528, '2017-11-21', 'D', 56, 6, 27, '2018-06-19 15:33:09', '2018-06-19 15:33:09', 'tima', NULL),
	(529, '2017-11-21', 'D', 57, 6, 28, '2018-06-19 15:33:09', '2018-06-19 15:33:09', 'tima', NULL),
	(530, '2017-11-21', 'D', 69, 1, 27, '2018-06-19 15:33:09', '2018-06-19 15:33:09', 'tima', NULL),
	(531, '2017-11-21', 'D', 76, 1, 26, '2018-06-19 15:33:09', '2018-06-19 15:33:09', 'tima', NULL),
	(532, '2017-11-21', 'D', 92, 1, 26, '2018-06-19 15:33:09', '2018-06-19 15:33:09', 'tima', NULL),
	(533, '2017-11-21', 'D', 94, 1, 26, '2018-06-19 15:33:09', '2018-06-19 15:33:09', 'tima', NULL),
	(534, '2017-11-21', 'D', 96, 1, 26, '2018-06-19 15:33:09', '2018-06-19 15:33:09', 'tima', NULL),
	(535, '2017-11-21', 'D', 107, 1, 26, '2018-06-19 15:33:09', '2018-06-19 15:33:09', 'tima', NULL),
	(536, '2017-11-21', 'D', 112, 1, 28, '2018-06-19 15:33:09', '2018-06-19 15:33:09', 'tima', NULL),
	(537, '2017-11-21', 'D', 114, 1, 28, '2018-06-19 15:33:09', '2018-06-19 15:33:09', 'tima', NULL),
	(538, '2017-11-21', 'D', 119, 1, 27, '2018-06-19 15:33:09', '2018-06-19 15:33:09', 'tima', NULL),
	(540, '2017-11-21', 'D', 135, 1, 28, '2018-06-19 15:33:10', '2018-06-19 15:33:10', 'tima', NULL),
	(541, '2017-11-21', 'D', 143, 1, 26, '2018-06-19 15:33:10', '2018-06-19 15:33:10', 'tima', NULL),
	(542, '2017-11-21', 'D', 144, 1, 28, '2018-06-19 15:33:10', '2018-06-19 15:33:10', 'tima', NULL),
	(543, '2017-11-21', 'D', 145, 1, 28, '2018-06-19 15:33:10', '2018-06-19 15:33:10', 'tima', NULL),
	(544, '2017-11-21', 'D', 147, 1, 28, '2018-06-19 15:33:10', '2018-06-19 15:33:10', 'tima', NULL),
	(545, '2017-11-21', 'D', 148, 1, 28, '2018-06-19 15:33:10', '2018-06-19 15:33:10', 'tima', NULL),
	(546, '2017-11-21', 'D', 150, 1, 26, '2018-06-19 15:33:10', '2018-06-19 15:33:10', 'tima', NULL),
	(547, '2017-11-21', 'D', 156, 1, 27, '2018-06-19 15:33:10', '2018-06-19 15:33:10', 'tima', NULL),
	(548, '2017-11-21', 'D', 176, 1, 26, '2018-06-19 15:33:10', '2018-06-19 15:33:10', 'tima', NULL),
	(549, '2017-11-21', 'D', 178, 1, 26, '2018-06-19 15:33:10', '2018-06-19 15:33:10', 'tima', NULL),
	(550, '2017-11-21', 'D', 183, 1, 28, '2018-06-19 15:33:10', '2018-06-19 15:33:10', 'tima', NULL),
	(551, '2017-11-21', 'D', 185, 1, 26, '2018-06-19 15:33:10', '2018-06-19 15:33:10', 'tima', NULL),
	(552, '2017-11-21', 'D', 218, 1, 28, '2018-06-19 15:33:10', '2018-06-19 15:33:10', 'tima', NULL),
	(553, '2017-11-21', 'D', 42, 1, 26, '2018-06-19 15:35:08', '2018-06-19 15:35:08', 'tima', NULL),
	(554, '2017-11-21', 'D', 249, 1, 28, '2018-06-19 15:36:49', '2018-06-19 15:36:49', 'tima', NULL),
	(555, '2017-11-21', 'N', 104, 3, 31, '2018-06-19 23:43:57', '2018-06-19 23:43:57', 'tima', NULL),
	(556, '2017-11-21', 'N', 73, 5, 32, '2018-06-19 23:43:57', '2018-06-19 23:43:57', 'tima', NULL),
	(557, '2017-11-21', 'N', 219, 4, 27, '2018-06-19 23:43:57', '2018-06-19 23:43:57', 'tima', NULL),
	(558, '2017-11-21', 'N', 98, 4, 28, '2018-06-19 23:43:57', '2018-06-19 23:43:57', 'tima', NULL),
	(559, '2017-11-21', 'N', 101, 6, 27, '2018-06-19 23:43:57', '2018-06-19 23:43:57', 'tima', NULL),
	(560, '2017-11-21', 'N', 102, 6, 28, '2018-06-19 23:43:58', '2018-06-19 23:43:58', 'tima', NULL),
	(561, '2017-11-21', 'N', 248, 6, 26, '2018-06-19 23:43:58', '2018-06-19 23:43:58', 'tima', NULL),
	(562, '2017-11-21', 'N', 36, 1, 27, '2018-06-19 23:43:58', '2018-06-19 23:43:58', 'tima', NULL),
	(563, '2017-11-21', 'N', 40, 1, 28, '2018-06-19 23:43:58', '2018-06-19 23:43:58', 'tima', NULL),
	(564, '2017-11-21', 'N', 49, 1, 26, '2018-06-19 23:43:58', '2018-06-19 23:43:58', 'tima', NULL),
	(565, '2017-11-21', 'N', 51, 1, 26, '2018-06-19 23:43:58', '2018-06-19 23:43:58', 'tima', NULL),
	(566, '2017-11-21', 'N', 79, 1, 28, '2018-06-19 23:43:58', '2018-06-19 23:43:58', 'tima', NULL),
	(567, '2017-11-21', 'N', 86, 1, 28, '2018-06-19 23:43:58', '2018-06-19 23:43:58', 'tima', NULL),
	(568, '2017-11-21', 'N', 108, 1, 28, '2018-06-19 23:43:58', '2018-06-19 23:43:58', 'tima', NULL),
	(569, '2017-11-21', 'N', 109, 1, 26, '2018-06-19 23:43:58', '2018-06-19 23:43:58', 'tima', NULL),
	(570, '2017-11-21', 'N', 113, 1, 28, '2018-06-19 23:43:58', '2018-06-19 23:43:58', 'tima', NULL),
	(571, '2017-11-21', 'N', 117, 1, 26, '2018-06-19 23:43:58', '2018-06-19 23:43:58', 'tima', NULL),
	(572, '2017-11-21', 'N', 126, 1, 28, '2018-06-19 23:43:58', '2018-06-19 23:43:58', 'tima', NULL),
	(573, '2017-11-21', 'N', 127, 1, 26, '2018-06-19 23:43:58', '2018-06-19 23:43:58', 'tima', NULL),
	(574, '2017-11-21', 'N', 136, 1, 28, '2018-06-19 23:43:58', '2018-06-19 23:43:58', 'tima', NULL),
	(575, '2017-11-21', 'N', 140, 1, 27, '2018-06-19 23:43:58', '2018-06-19 23:43:58', 'tima', NULL),
	(576, '2017-11-21', 'N', 146, 1, 26, '2018-06-19 23:43:58', '2018-06-19 23:43:58', 'tima', NULL),
	(577, '2017-11-21', 'N', 149, 1, 26, '2018-06-19 23:43:58', '2018-06-19 23:43:58', 'tima', NULL),
	(578, '2017-11-21', 'N', 151, 1, 27, '2018-06-19 23:43:58', '2018-06-19 23:43:58', 'tima', NULL),
	(579, '2017-11-21', 'N', 159, 1, 26, '2018-06-19 23:43:58', '2018-06-19 23:43:58', 'tima', NULL),
	(580, '2017-11-21', 'N', 172, 1, 26, '2018-06-19 23:43:58', '2018-06-19 23:43:58', 'tima', NULL),
	(581, '2017-11-21', 'N', 214, 1, 28, '2018-06-19 23:43:58', '2018-06-19 23:43:58', 'tima', NULL),
	(582, '2017-11-21', 'N', 247, 1, 26, '2018-06-19 23:43:58', '2018-06-19 23:43:58', 'tima', NULL),
	(583, '2017-11-22', 'D', 103, 3, 30, '2018-06-20 00:00:13', '2018-06-20 00:00:13', 'tima', NULL),
	(584, '2017-11-22', 'D', 74, 2, 26, '2018-06-20 00:00:13', '2018-06-20 00:00:13', 'tima', NULL),
	(585, '2017-11-22', 'D', 154, 5, 32, '2018-06-20 00:00:13', '2018-06-20 00:00:13', 'tima', NULL),
	(586, '2017-11-22', 'D', 246, 4, 27, '2018-06-20 00:00:13', '2018-06-20 00:00:13', 'tima', NULL),
	(587, '2017-11-22', 'D', 72, 4, 26, '2018-06-20 00:00:13', '2018-06-20 00:00:13', 'tima', NULL),
	(588, '2017-11-22', 'D', 71, 4, 28, '2018-06-20 00:00:13', '2018-06-20 00:00:13', 'tima', NULL),
	(589, '2017-11-22', 'D', 57, 6, 28, '2018-06-20 00:00:13', '2018-06-20 00:00:13', 'tima', NULL),
	(590, '2017-11-22', 'D', 238, 6, 27, '2018-06-20 00:00:13', '2018-06-20 00:00:13', 'tima', NULL),
	(591, '2017-11-22', 'D', 240, 6, 27, '2018-06-20 00:00:13', '2018-06-20 00:00:13', 'tima', NULL),
	(592, '2017-11-22', 'D', 241, 6, 26, '2018-06-20 00:00:13', '2018-06-20 00:00:13', 'tima', NULL),
	(593, '2017-11-22', 'D', 43, 1, 28, '2018-06-20 00:00:14', '2018-06-20 00:00:14', 'tima', NULL),
	(594, '2017-11-22', 'D', 53, 1, 26, '2018-06-20 00:00:14', '2018-06-20 00:00:14', 'tima', NULL),
	(595, '2017-11-22', 'D', 68, 1, 28, '2018-06-20 00:00:14', '2018-06-20 00:00:14', 'tima', NULL),
	(596, '2017-11-22', 'D', 78, 1, 27, '2018-06-20 00:00:14', '2018-06-20 00:00:14', 'tima', NULL),
	(597, '2017-11-22', 'D', 80, 1, 28, '2018-06-20 00:00:14', '2018-06-20 00:00:14', 'tima', NULL),
	(598, '2017-11-22', 'D', 84, 1, 28, '2018-06-20 00:00:14', '2018-06-20 00:00:14', 'tima', NULL),
	(599, '2017-11-22', 'D', 88, 1, 27, '2018-06-20 00:00:14', '2018-06-20 00:00:14', 'tima', NULL),
	(600, '2017-11-22', 'D', 89, 1, 27, '2018-06-20 00:00:14', '2018-06-20 00:00:14', 'tima', NULL),
	(601, '2017-11-22', 'D', 92, 1, 26, '2018-06-20 00:00:14', '2018-06-20 00:00:14', 'tima', NULL),
	(602, '2017-11-22', 'D', 93, 1, 26, '2018-06-20 00:00:14', '2018-06-20 00:00:14', 'tima', NULL),
	(603, '2017-11-22', 'D', 94, 1, 28, '2018-06-20 00:00:14', '2018-06-20 00:00:14', 'tima', NULL),
	(604, '2017-11-22', 'D', 95, 1, 26, '2018-06-20 00:00:14', '2018-06-20 00:00:14', 'tima', NULL),
	(605, '2017-11-22', 'D', 96, 1, 26, '2018-06-20 00:00:14', '2018-06-20 00:00:14', 'tima', NULL),
	(606, '2017-11-22', 'D', 107, 1, 26, '2018-06-20 00:00:14', '2018-06-20 00:00:14', 'tima', NULL),
	(607, '2017-11-22', 'D', 115, 1, 26, '2018-06-20 00:00:14', '2018-06-20 00:00:14', 'tima', NULL),
	(608, '2017-11-22', 'D', 120, 1, 28, '2018-06-20 00:00:14', '2018-06-20 00:00:14', 'tima', NULL),
	(609, '2017-11-22', 'D', 124, 1, 28, '2018-06-20 00:00:14', '2018-06-20 00:00:14', 'tima', NULL),
	(610, '2017-11-22', 'D', 153, 1, 27, '2018-06-20 00:00:14', '2018-06-20 00:00:14', 'tima', NULL),
	(611, '2017-11-22', 'D', 160, 1, 28, '2018-06-20 00:00:14', '2018-06-20 00:00:14', 'tima', NULL),
	(612, '2017-11-22', 'D', 176, 1, 26, '2018-06-20 00:00:14', '2018-06-20 00:00:14', 'tima', NULL),
	(613, '2017-11-22', 'D', 181, 1, 28, '2018-06-20 00:00:14', '2018-06-20 00:00:14', 'tima', NULL),
	(614, '2017-11-22', 'D', 192, 1, 26, '2018-06-20 00:00:14', '2018-06-20 00:00:14', 'tima', NULL),
	(615, '2017-11-22', 'D', 200, 1, 28, '2018-06-20 00:00:14', '2018-06-20 00:00:14', 'tima', NULL),
	(616, '2017-11-22', 'N', 105, 3, 31, '2018-06-20 00:09:53', '2018-06-20 00:09:53', 'tima', NULL),
	(617, '2017-11-22', 'N', 155, 5, 32, '2018-06-20 00:09:53', '2018-06-20 00:09:53', 'tima', NULL),
	(618, '2017-11-22', 'N', 225, 4, 28, '2018-06-20 00:09:53', '2018-06-20 00:09:53', 'tima', NULL),
	(619, '2017-11-22', 'N', 230, 6, 28, '2018-06-20 00:09:53', '2018-06-20 00:09:53', 'tima', NULL),
	(620, '2017-11-22', 'N', 234, 6, 26, '2018-06-20 00:09:53', '2018-06-20 00:09:53', 'tima', NULL),
	(621, '2017-11-22', 'N', 49, 1, 26, '2018-06-20 00:09:53', '2018-06-20 00:09:53', 'tima', NULL),
	(622, '2017-11-22', 'N', 69, 1, 27, '2018-06-20 00:09:53', '2018-06-20 00:09:53', 'tima', NULL),
	(623, '2017-11-22', 'N', 76, 1, 26, '2018-06-20 00:09:53', '2018-06-20 00:09:53', 'tima', NULL),
	(624, '2017-11-22', 'N', 81, 1, 28, '2018-06-20 00:09:53', '2018-06-20 00:09:53', 'tima', NULL),
	(625, '2017-11-22', 'N', 82, 1, 28, '2018-06-20 00:09:53', '2018-06-20 00:09:53', 'tima', NULL),
	(626, '2017-11-22', 'N', 91, 1, 26, '2018-06-20 00:09:53', '2018-06-20 00:09:53', 'tima', NULL),
	(627, '2017-11-22', 'N', 112, 1, 28, '2018-06-20 00:09:53', '2018-06-20 00:09:53', 'tima', NULL),
	(628, '2017-11-22', 'N', 114, 1, 27, '2018-06-20 00:09:53', '2018-06-20 00:09:53', 'tima', NULL),
	(629, '2017-11-22', 'N', 119, 1, 27, '2018-06-20 00:09:53', '2018-06-20 00:09:53', 'tima', NULL),
	(630, '2017-11-22', 'N', 122, 1, 26, '2018-06-20 00:09:53', '2018-06-20 00:09:53', 'tima', NULL),
	(631, '2017-11-22', 'N', 123, 1, 26, '2018-06-20 00:09:53', '2018-06-20 00:09:53', 'tima', NULL),
	(632, '2017-11-22', 'N', 132, 1, 26, '2018-06-20 00:09:53', '2018-06-20 00:09:53', 'tima', NULL),
	(633, '2017-11-22', 'N', 135, 1, 28, '2018-06-20 00:09:53', '2018-06-20 00:09:53', 'tima', NULL),
	(634, '2017-11-22', 'N', 136, 1, 28, '2018-06-20 00:09:53', '2018-06-20 00:09:53', 'tima', NULL),
	(635, '2017-11-22', 'N', 143, 1, 28, '2018-06-20 00:09:53', '2018-06-20 00:09:53', 'tima', NULL),
	(636, '2017-11-22', 'N', 144, 1, 28, '2018-06-20 00:09:53', '2018-06-20 00:09:53', 'tima', NULL),
	(637, '2017-11-22', 'N', 145, 1, 28, '2018-06-20 00:09:53', '2018-06-20 00:09:53', 'tima', NULL),
	(638, '2017-11-22', 'N', 147, 1, 26, '2018-06-20 00:09:53', '2018-06-20 00:09:53', 'tima', NULL),
	(639, '2017-11-22', 'N', 148, 1, 28, '2018-06-20 00:09:53', '2018-06-20 00:09:53', 'tima', NULL),
	(640, '2017-11-22', 'N', 150, 1, 26, '2018-06-20 00:09:53', '2018-06-20 00:09:53', 'tima', NULL),
	(641, '2017-11-22', 'N', 161, 1, 28, '2018-06-20 00:09:54', '2018-06-20 00:09:54', 'tima', NULL),
	(642, '2017-11-22', 'N', 171, 1, 27, '2018-06-20 00:09:54', '2018-06-20 00:09:54', 'tima', NULL),
	(643, '2017-11-22', 'N', 185, 1, 28, '2018-06-20 00:09:54', '2018-06-20 00:09:54', 'tima', NULL),
	(644, '2017-11-22', 'N', 203, 1, 26, '2018-06-20 00:09:54', '2018-06-20 00:09:54', 'tima', NULL),
	(645, '2017-11-23', 'D', 75, 3, 29, '2018-06-20 00:21:56', '2018-06-20 00:21:56', 'tima', NULL),
	(646, '2017-11-23', 'D', 103, 2, 28, '2018-06-20 00:21:56', '2018-06-20 00:21:56', 'tima', NULL),
	(647, '2017-11-23', 'D', 154, 5, 32, '2018-06-20 00:21:56', '2018-06-20 00:21:56', 'tima', NULL),
	(648, '2017-11-23', 'D', 72, 4, 26, '2018-06-20 00:21:56', '2018-06-20 00:21:56', 'tima', NULL),
	(649, '2017-11-23', 'D', 222, 4, 28, '2018-06-20 00:21:56', '2018-06-20 00:21:56', 'tima', NULL),
	(650, '2017-11-23', 'D', 32, 4, 26, '2018-06-20 00:21:56', '2018-06-20 00:21:56', 'tima', NULL),
	(651, '2017-11-23', 'D', 100, 6, 27, '2018-06-20 00:21:56', '2018-06-20 00:21:56', 'tima', NULL),
	(652, '2017-11-23', 'D', 238, 6, 28, '2018-06-20 00:21:56', '2018-06-20 00:21:56', 'tima', NULL),
	(653, '2017-11-23', 'D', 240, 6, 28, '2018-06-20 00:21:56', '2018-06-20 00:21:56', 'tima', NULL),
	(654, '2017-11-23', 'D', 241, 6, 26, '2018-06-20 00:21:56', '2018-06-20 00:21:56', 'tima', NULL),
	(655, '2017-11-23', 'D', 43, 1, 28, '2018-06-20 00:21:56', '2018-06-20 00:21:56', 'tima', NULL),
	(656, '2017-11-23', 'D', 58, 1, 27, '2018-06-20 00:21:56', '2018-06-20 00:21:56', 'tima', NULL),
	(657, '2017-11-23', 'D', 70, 1, 28, '2018-06-20 00:21:56', '2018-06-20 00:21:56', 'tima', NULL),
	(658, '2017-11-23', 'D', 74, 1, 27, '2018-06-20 00:21:56', '2018-06-20 00:21:56', 'tima', NULL),
	(659, '2017-11-23', 'D', 80, 1, 28, '2018-06-20 00:21:56', '2018-06-20 00:21:56', 'tima', NULL),
	(660, '2017-11-23', 'D', 84, 1, 28, '2018-06-20 00:21:56', '2018-06-20 00:21:56', 'tima', NULL),
	(661, '2017-11-23', 'D', 87, 1, 26, '2018-06-20 00:21:56', '2018-06-20 00:21:56', 'tima', NULL),
	(662, '2017-11-23', 'D', 88, 1, 27, '2018-06-20 00:21:56', '2018-06-20 00:21:56', 'tima', NULL),
	(663, '2017-11-23', 'D', 89, 1, 26, '2018-06-20 00:21:56', '2018-06-20 00:21:56', 'tima', NULL),
	(664, '2017-11-23', 'D', 92, 1, 26, '2018-06-20 00:21:56', '2018-06-20 00:21:56', 'tima', NULL),
	(665, '2017-11-23', 'D', 93, 1, 26, '2018-06-20 00:21:56', '2018-06-20 00:21:56', 'tima', NULL),
	(666, '2017-11-23', 'D', 95, 1, 26, '2018-06-20 00:21:56', '2018-06-20 00:21:56', 'tima', NULL),
	(667, '2017-11-23', 'D', 96, 1, 26, '2018-06-20 00:21:56', '2018-06-20 00:21:56', 'tima', NULL),
	(668, '2017-11-23', 'D', 115, 1, 26, '2018-06-20 00:21:56', '2018-06-20 00:21:56', 'tima', NULL),
	(669, '2017-11-23', 'D', 120, 1, 26, '2018-06-20 00:21:56', '2018-06-20 00:21:56', 'tima', NULL),
	(670, '2017-11-23', 'D', 130, 1, 28, '2018-06-20 00:21:56', '2018-06-20 00:21:56', 'tima', NULL),
	(671, '2017-11-23', 'D', 153, 1, 27, '2018-06-20 00:21:57', '2018-06-20 00:21:57', 'tima', NULL),
	(672, '2017-11-23', 'D', 163, 1, 26, '2018-06-20 00:21:57', '2018-06-20 00:21:57', 'tima', NULL),
	(673, '2017-11-23', 'D', 168, 1, 26, '2018-06-20 00:21:57', '2018-06-20 00:21:57', 'tima', NULL),
	(674, '2017-11-23', 'D', 179, 1, 26, '2018-06-20 00:21:57', '2018-06-20 00:21:57', 'tima', NULL),
	(675, '2017-11-23', 'D', 181, 1, 28, '2018-06-20 00:21:57', '2018-06-20 00:21:57', 'tima', NULL),
	(676, '2017-11-23', 'D', 200, 1, 28, '2018-06-20 00:21:57', '2018-06-20 00:21:57', 'tima', NULL),
	(677, '2017-11-23', 'D', 204, 1, 28, '2018-06-20 00:21:57', '2018-06-20 00:21:57', 'tima', NULL),
	(678, '2017-11-23', 'D', 94, 1, 28, '2018-06-20 00:22:47', '2018-06-20 00:22:47', 'tima', NULL);
/*!40000 ALTER TABLE `shifts` ENABLE KEYS */;

-- Dumping structure for table tracker.shift_to_mod
DROP TABLE IF EXISTS `shift_to_mod`;
CREATE TABLE IF NOT EXISTS `shift_to_mod` (
  `id` int(11) NOT NULL AUTO_INCREMENT,
  `shift_id` int(11) NOT NULL,
  `mod_id` int(11) NOT NULL,
  `date_created` datetime NOT NULL DEFAULT current_timestamp(),
  `date_updated` timestamp NOT NULL DEFAULT current_timestamp() ON UPDATE current_timestamp(),
  PRIMARY KEY (`id`),
  UNIQUE KEY `uq_shift_mod` (`shift_id`,`mod_id`),
  KEY `fk_mod_id` (`mod_id`),
  CONSTRAINT `fk_mod_id` FOREIGN KEY (`mod_id`) REFERENCES `mods` (`id`) ON DELETE CASCADE ON UPDATE CASCADE,
  CONSTRAINT `fk_shift_id` FOREIGN KEY (`shift_id`) REFERENCES `shifts` (`id`) ON DELETE CASCADE ON UPDATE CASCADE
) ENGINE=InnoDB AUTO_INCREMENT=525 DEFAULT CHARSET=utf8;

-- Dumping data for table tracker.shift_to_mod: ~451 rows (approximately)
DELETE FROM `shift_to_mod`;
/*!40000 ALTER TABLE `shift_to_mod` DISABLE KEYS */;
INSERT INTO `shift_to_mod` (`id`, `shift_id`, `mod_id`, `date_created`, `date_updated`) VALUES
	(35, 21, 25, '2018-03-22 08:55:07', '2018-03-22 02:55:07'),
	(40, 21, 20, '2018-03-22 08:58:12', '2018-03-22 02:58:12'),
	(70, 76, 23, '2018-04-14 23:27:24', '2018-04-14 17:27:24'),
	(71, 82, 23, '2018-04-14 23:27:24', '2018-04-14 17:27:24'),
	(72, 83, 23, '2018-04-14 23:27:24', '2018-04-14 17:27:24'),
	(73, 86, 25, '2018-04-14 23:27:25', '2018-04-14 17:27:25'),
	(74, 87, 25, '2018-04-14 23:27:25', '2018-04-14 17:27:25'),
	(75, 91, 24, '2018-04-14 23:27:25', '2018-04-14 17:27:25'),
	(76, 91, 23, '2018-04-14 23:27:25', '2018-04-14 17:27:25'),
	(77, 97, 25, '2018-04-14 23:27:26', '2018-04-14 17:27:26'),
	(78, 171, 25, '2018-04-16 14:15:59', '2018-04-16 14:15:59'),
	(79, 175, 25, '2018-04-16 14:15:59', '2018-04-16 14:15:59'),
	(80, 181, 24, '2018-04-16 14:15:59', '2018-04-16 14:15:59'),
	(81, 181, 23, '2018-04-16 14:15:59', '2018-04-16 14:15:59'),
	(82, 182, 20, '2018-04-16 14:15:59', '2018-04-16 14:15:59'),
	(83, 184, 23, '2018-04-16 14:15:59', '2018-04-16 14:15:59'),
	(84, 186, 23, '2018-04-16 14:15:59', '2018-04-16 14:15:59'),
	(85, 188, 20, '2018-04-16 14:15:59', '2018-04-16 14:15:59'),
	(86, 189, 23, '2018-04-16 14:15:59', '2018-04-16 14:15:59'),
	(87, 190, 25, '2018-04-16 14:15:59', '2018-04-16 14:15:59'),
	(88, 191, 23, '2018-04-16 14:15:59', '2018-04-16 14:15:59'),
	(89, 202, 23, '2018-04-16 14:37:51', '2018-04-16 14:37:51'),
	(90, 205, 23, '2018-04-16 14:37:51', '2018-04-16 14:37:51'),
	(91, 207, 23, '2018-04-16 14:37:51', '2018-04-16 14:37:51'),
	(92, 208, 24, '2018-04-16 14:37:51', '2018-04-16 14:37:51'),
	(93, 208, 20, '2018-04-16 14:37:51', '2018-04-16 14:37:51'),
	(94, 210, 25, '2018-04-16 14:37:51', '2018-04-16 14:37:51'),
	(95, 211, 25, '2018-04-16 14:37:51', '2018-04-16 14:37:51'),
	(96, 212, 23, '2018-04-16 14:37:51', '2018-04-16 14:37:51'),
	(97, 218, 24, '2018-04-16 14:37:52', '2018-04-16 14:37:52'),
	(98, 219, 20, '2018-04-16 14:37:52', '2018-04-16 14:37:52'),
	(99, 220, 25, '2018-04-16 14:37:52', '2018-04-16 14:37:52'),
	(100, 208, 27, '2018-04-16 14:38:22', '2018-04-16 14:38:22'),
	(106, 238, 22, '2018-04-18 15:20:19', '2018-04-18 15:20:19'),
	(107, 239, 25, '2018-04-18 15:20:19', '2018-04-18 15:20:19'),
	(108, 239, 23, '2018-04-18 15:20:19', '2018-04-18 15:20:19'),
	(109, 240, 22, '2018-04-18 15:20:19', '2018-04-18 15:20:19'),
	(110, 241, 22, '2018-04-18 15:20:19', '2018-04-18 15:20:19'),
	(111, 244, 22, '2018-04-18 15:20:19', '2018-04-18 15:20:19'),
	(112, 245, 23, '2018-04-18 15:20:19', '2018-04-18 15:20:19'),
	(113, 255, 22, '2018-06-18 13:04:54', '2018-06-18 13:04:54'),
	(114, 257, 25, '2018-06-18 13:04:54', '2018-06-18 13:04:54'),
	(115, 257, 22, '2018-06-18 13:04:54', '2018-06-18 13:04:54'),
	(116, 258, 23, '2018-06-18 13:04:54', '2018-06-18 13:04:54'),
	(117, 259, 21, '2018-06-18 13:04:54', '2018-06-18 13:04:54'),
	(118, 259, 22, '2018-06-18 13:04:54', '2018-06-18 13:04:54'),
	(119, 260, 22, '2018-06-18 13:04:54', '2018-06-18 13:04:54'),
	(120, 261, 22, '2018-06-18 13:04:54', '2018-06-18 13:04:54'),
	(121, 262, 22, '2018-06-18 13:04:54', '2018-06-18 13:04:54'),
	(122, 263, 20, '2018-06-18 13:04:54', '2018-06-18 13:04:54'),
	(123, 263, 22, '2018-06-18 13:04:54', '2018-06-18 13:04:54'),
	(124, 264, 23, '2018-06-18 13:04:54', '2018-06-18 13:04:54'),
	(125, 264, 22, '2018-06-18 13:04:54', '2018-06-18 13:04:54'),
	(126, 265, 23, '2018-06-18 13:04:54', '2018-06-18 13:04:54'),
	(127, 265, 22, '2018-06-18 13:04:54', '2018-06-18 13:04:54'),
	(128, 266, 19, '2018-06-18 13:04:54', '2018-06-18 13:04:54'),
	(129, 267, 25, '2018-06-18 13:04:54', '2018-06-18 13:04:54'),
	(130, 268, 22, '2018-06-18 13:04:54', '2018-06-18 13:04:54'),
	(131, 269, 20, '2018-06-18 13:04:54', '2018-06-18 13:04:54'),
	(132, 269, 22, '2018-06-18 13:04:54', '2018-06-18 13:04:54'),
	(133, 270, 24, '2018-06-18 13:04:54', '2018-06-18 13:04:54'),
	(134, 270, 22, '2018-06-18 13:04:54', '2018-06-18 13:04:54'),
	(135, 271, 25, '2018-06-18 13:04:54', '2018-06-18 13:04:54'),
	(136, 271, 22, '2018-06-18 13:04:54', '2018-06-18 13:04:54'),
	(137, 272, 22, '2018-06-18 13:04:54', '2018-06-18 13:04:54'),
	(138, 273, 24, '2018-06-18 13:04:54', '2018-06-18 13:04:54'),
	(139, 273, 23, '2018-06-18 13:04:54', '2018-06-18 13:04:54'),
	(140, 274, 21, '2018-06-18 13:04:54', '2018-06-18 13:04:54'),
	(141, 274, 22, '2018-06-18 13:04:54', '2018-06-18 13:04:54'),
	(142, 275, 22, '2018-06-18 13:04:54', '2018-06-18 13:04:54'),
	(143, 283, 20, '2018-06-18 13:28:15', '2018-06-18 13:28:15'),
	(144, 283, 22, '2018-06-18 13:28:15', '2018-06-18 13:28:15'),
	(145, 284, 22, '2018-06-18 13:28:15', '2018-06-18 13:28:15'),
	(146, 285, 20, '2018-06-18 13:28:15', '2018-06-18 13:28:15'),
	(147, 285, 22, '2018-06-18 13:28:15', '2018-06-18 13:28:15'),
	(148, 287, 23, '2018-06-18 13:28:15', '2018-06-18 13:28:15'),
	(149, 288, 22, '2018-06-18 13:28:15', '2018-06-18 13:28:15'),
	(150, 289, 23, '2018-06-18 13:28:15', '2018-06-18 13:28:15'),
	(151, 290, 22, '2018-06-18 13:28:15', '2018-06-18 13:28:15'),
	(152, 291, 21, '2018-06-18 13:28:15', '2018-06-18 13:28:15'),
	(153, 291, 22, '2018-06-18 13:28:15', '2018-06-18 13:28:15'),
	(154, 292, 22, '2018-06-18 13:28:15', '2018-06-18 13:28:15'),
	(155, 293, 22, '2018-06-18 13:28:15', '2018-06-18 13:28:15'),
	(156, 294, 25, '2018-06-18 13:28:15', '2018-06-18 13:28:15'),
	(157, 295, 22, '2018-06-18 13:28:15', '2018-06-18 13:28:15'),
	(158, 296, 23, '2018-06-18 13:28:15', '2018-06-18 13:28:15'),
	(159, 297, 19, '2018-06-18 13:28:15', '2018-06-18 13:28:15'),
	(160, 298, 22, '2018-06-18 13:28:15', '2018-06-18 13:28:15'),
	(161, 299, 25, '2018-06-18 13:28:15', '2018-06-18 13:28:15'),
	(162, 300, 23, '2018-06-18 13:28:15', '2018-06-18 13:28:15'),
	(163, 301, 22, '2018-06-18 13:28:15', '2018-06-18 13:28:15'),
	(164, 302, 22, '2018-06-18 13:28:15', '2018-06-18 13:28:15'),
	(165, 303, 25, '2018-06-18 13:28:16', '2018-06-18 13:28:16'),
	(166, 303, 22, '2018-06-18 13:28:16', '2018-06-18 13:28:16'),
	(167, 315, 21, '2018-06-18 13:53:28', '2018-06-18 13:53:28'),
	(168, 315, 22, '2018-06-18 13:53:28', '2018-06-18 13:53:28'),
	(169, 316, 25, '2018-06-18 13:53:28', '2018-06-18 13:53:28'),
	(170, 316, 20, '2018-06-18 13:53:28', '2018-06-18 13:53:28'),
	(171, 316, 22, '2018-06-18 13:53:28', '2018-06-18 13:53:28'),
	(172, 317, 23, '2018-06-18 13:53:28', '2018-06-18 13:53:28'),
	(173, 317, 22, '2018-06-18 13:53:28', '2018-06-18 13:53:28'),
	(174, 318, 22, '2018-06-18 13:53:28', '2018-06-18 13:53:28'),
	(175, 319, 23, '2018-06-18 13:53:28', '2018-06-18 13:53:28'),
	(176, 319, 22, '2018-06-18 13:53:28', '2018-06-18 13:53:28'),
	(177, 320, 22, '2018-06-18 13:53:28', '2018-06-18 13:53:28'),
	(178, 321, 22, '2018-06-18 13:53:28', '2018-06-18 13:53:28'),
	(179, 322, 22, '2018-06-18 13:53:28', '2018-06-18 13:53:28'),
	(180, 323, 22, '2018-06-18 13:53:28', '2018-06-18 13:53:28'),
	(181, 324, 20, '2018-06-18 13:53:28', '2018-06-18 13:53:28'),
	(182, 324, 22, '2018-06-18 13:53:28', '2018-06-18 13:53:28'),
	(183, 325, 23, '2018-06-18 13:53:28', '2018-06-18 13:53:28'),
	(184, 326, 22, '2018-06-18 13:53:28', '2018-06-18 13:53:28'),
	(185, 328, 23, '2018-06-18 13:53:28', '2018-06-18 13:53:28'),
	(186, 329, 24, '2018-06-18 13:53:28', '2018-06-18 13:53:28'),
	(187, 329, 25, '2018-06-18 13:53:28', '2018-06-18 13:53:28'),
	(188, 329, 23, '2018-06-18 13:53:28', '2018-06-18 13:53:28'),
	(189, 329, 22, '2018-06-18 13:53:28', '2018-06-18 13:53:28'),
	(190, 330, 19, '2018-06-18 13:53:28', '2018-06-18 13:53:28'),
	(191, 331, 21, '2018-06-18 13:53:28', '2018-06-18 13:53:28'),
	(192, 331, 22, '2018-06-18 13:53:28', '2018-06-18 13:53:28'),
	(193, 332, 22, '2018-06-18 13:53:28', '2018-06-18 13:53:28'),
	(194, 334, 22, '2018-06-18 13:53:29', '2018-06-18 13:53:29'),
	(195, 335, 25, '2018-06-18 13:53:29', '2018-06-18 13:53:29'),
	(196, 335, 22, '2018-06-18 13:53:29', '2018-06-18 13:53:29'),
	(197, 343, 21, '2018-06-18 14:10:39', '2018-06-18 14:10:39'),
	(198, 343, 22, '2018-06-18 14:10:39', '2018-06-18 14:10:39'),
	(199, 344, 23, '2018-06-18 14:10:39', '2018-06-18 14:10:39'),
	(200, 344, 22, '2018-06-18 14:10:39', '2018-06-18 14:10:39'),
	(201, 346, 22, '2018-06-18 14:10:39', '2018-06-18 14:10:39'),
	(202, 347, 20, '2018-06-18 14:10:39', '2018-06-18 14:10:39'),
	(203, 347, 22, '2018-06-18 14:10:39', '2018-06-18 14:10:39'),
	(204, 348, 22, '2018-06-18 14:10:39', '2018-06-18 14:10:39'),
	(205, 349, 24, '2018-06-18 14:10:39', '2018-06-18 14:10:39'),
	(206, 349, 25, '2018-06-18 14:10:39', '2018-06-18 14:10:39'),
	(207, 349, 23, '2018-06-18 14:10:39', '2018-06-18 14:10:39'),
	(208, 349, 22, '2018-06-18 14:10:39', '2018-06-18 14:10:39'),
	(209, 351, 23, '2018-06-18 14:10:39', '2018-06-18 14:10:39'),
	(210, 352, 23, '2018-06-18 14:10:39', '2018-06-18 14:10:39'),
	(211, 353, 22, '2018-06-18 14:10:39', '2018-06-18 14:10:39'),
	(212, 354, 20, '2018-06-18 14:10:39', '2018-06-18 14:10:39'),
	(213, 354, 22, '2018-06-18 14:10:39', '2018-06-18 14:10:39'),
	(214, 355, 23, '2018-06-18 14:10:39', '2018-06-18 14:10:39'),
	(215, 355, 22, '2018-06-18 14:10:39', '2018-06-18 14:10:39'),
	(216, 356, 20, '2018-06-18 14:10:39', '2018-06-18 14:10:39'),
	(217, 356, 22, '2018-06-18 14:10:39', '2018-06-18 14:10:39'),
	(218, 357, 25, '2018-06-18 14:10:39', '2018-06-18 14:10:39'),
	(219, 357, 22, '2018-06-18 14:10:39', '2018-06-18 14:10:39'),
	(220, 358, 25, '2018-06-18 14:10:39', '2018-06-18 14:10:39'),
	(221, 358, 22, '2018-06-18 14:10:39', '2018-06-18 14:10:39'),
	(222, 360, 22, '2018-06-18 14:10:39', '2018-06-18 14:10:39'),
	(223, 362, 19, '2018-06-18 14:10:39', '2018-06-18 14:10:39'),
	(224, 364, 21, '2018-06-18 14:10:39', '2018-06-18 14:10:39'),
	(225, 364, 22, '2018-06-18 14:10:39', '2018-06-18 14:10:39'),
	(226, 365, 22, '2018-06-18 14:10:39', '2018-06-18 14:10:39'),
	(227, 375, 22, '2018-06-18 14:16:55', '2018-06-18 14:16:55'),
	(228, 376, 22, '2018-06-18 14:16:55', '2018-06-18 14:16:55'),
	(229, 377, 24, '2018-06-18 14:16:55', '2018-06-18 14:16:55'),
	(230, 377, 23, '2018-06-18 14:16:55', '2018-06-18 14:16:55'),
	(231, 377, 22, '2018-06-18 14:16:55', '2018-06-18 14:16:55'),
	(232, 378, 22, '2018-06-18 14:16:55', '2018-06-18 14:16:55'),
	(233, 379, 20, '2018-06-18 14:16:55', '2018-06-18 14:16:55'),
	(234, 379, 22, '2018-06-18 14:16:55', '2018-06-18 14:16:55'),
	(235, 380, 22, '2018-06-18 14:16:55', '2018-06-18 14:16:55'),
	(236, 381, 22, '2018-06-18 14:16:55', '2018-06-18 14:16:55'),
	(237, 382, 22, '2018-06-18 14:16:55', '2018-06-18 14:16:55'),
	(238, 383, 21, '2018-06-18 14:16:55', '2018-06-18 14:16:55'),
	(239, 383, 22, '2018-06-18 14:16:55', '2018-06-18 14:16:55'),
	(240, 384, 22, '2018-06-18 14:16:55', '2018-06-18 14:16:55'),
	(241, 385, 25, '2018-06-18 14:16:55', '2018-06-18 14:16:55'),
	(242, 385, 22, '2018-06-18 14:16:55', '2018-06-18 14:16:55'),
	(243, 386, 23, '2018-06-18 14:16:55', '2018-06-18 14:16:55'),
	(244, 387, 22, '2018-06-18 14:16:55', '2018-06-18 14:16:55'),
	(245, 388, 22, '2018-06-18 14:16:55', '2018-06-18 14:16:55'),
	(246, 389, 22, '2018-06-18 14:16:55', '2018-06-18 14:16:55'),
	(247, 391, 23, '2018-06-18 14:16:55', '2018-06-18 14:16:55'),
	(248, 392, 25, '2018-06-18 14:16:55', '2018-06-18 14:16:55'),
	(249, 392, 22, '2018-06-18 14:16:55', '2018-06-18 14:16:55'),
	(250, 393, 20, '2018-06-18 14:16:55', '2018-06-18 14:16:55'),
	(251, 393, 22, '2018-06-18 14:16:55', '2018-06-18 14:16:55'),
	(252, 394, 25, '2018-06-18 14:16:55', '2018-06-18 14:16:55'),
	(253, 395, 19, '2018-06-18 14:16:55', '2018-06-18 14:16:55'),
	(254, 396, 21, '2018-06-18 14:16:55', '2018-06-18 14:16:55'),
	(255, 396, 22, '2018-06-18 14:16:55', '2018-06-18 14:16:55'),
	(256, 407, 22, '2018-06-19 14:48:45', '2018-06-19 14:48:45'),
	(257, 408, 22, '2018-06-19 14:48:45', '2018-06-19 14:48:45'),
	(258, 409, 25, '2018-06-19 14:48:45', '2018-06-19 14:48:45'),
	(259, 409, 20, '2018-06-19 14:48:45', '2018-06-19 14:48:45'),
	(260, 409, 22, '2018-06-19 14:48:45', '2018-06-19 14:48:45'),
	(261, 411, 23, '2018-06-19 14:48:45', '2018-06-19 14:48:45'),
	(262, 413, 25, '2018-06-19 14:48:45', '2018-06-19 14:48:45'),
	(263, 413, 22, '2018-06-19 14:48:45', '2018-06-19 14:48:45'),
	(264, 414, 25, '2018-06-19 14:48:45', '2018-06-19 14:48:45'),
	(265, 414, 22, '2018-06-19 14:48:45', '2018-06-19 14:48:45'),
	(266, 415, 22, '2018-06-19 14:48:45', '2018-06-19 14:48:45'),
	(267, 416, 22, '2018-06-19 14:48:45', '2018-06-19 14:48:45'),
	(268, 417, 22, '2018-06-19 14:48:45', '2018-06-19 14:48:45'),
	(269, 418, 22, '2018-06-19 14:48:45', '2018-06-19 14:48:45'),
	(270, 419, 22, '2018-06-19 14:48:45', '2018-06-19 14:48:45'),
	(271, 420, 22, '2018-06-19 14:48:45', '2018-06-19 14:48:45'),
	(272, 421, 23, '2018-06-19 14:48:45', '2018-06-19 14:48:45'),
	(273, 422, 22, '2018-06-19 14:48:45', '2018-06-19 14:48:45'),
	(274, 423, 20, '2018-06-19 14:48:45', '2018-06-19 14:48:45'),
	(275, 423, 22, '2018-06-19 14:48:45', '2018-06-19 14:48:45'),
	(276, 424, 22, '2018-06-19 14:48:45', '2018-06-19 14:48:45'),
	(277, 425, 19, '2018-06-19 14:48:45', '2018-06-19 14:48:45'),
	(278, 426, 22, '2018-06-19 14:48:45', '2018-06-19 14:48:45'),
	(279, 427, 21, '2018-06-19 14:48:45', '2018-06-19 14:48:45'),
	(280, 427, 22, '2018-06-19 14:48:45', '2018-06-19 14:48:45'),
	(281, 436, 22, '2018-06-19 14:57:54', '2018-06-19 14:57:54'),
	(282, 437, 21, '2018-06-19 14:57:54', '2018-06-19 14:57:54'),
	(283, 437, 22, '2018-06-19 14:57:54', '2018-06-19 14:57:54'),
	(284, 438, 22, '2018-06-19 14:57:54', '2018-06-19 14:57:54'),
	(285, 439, 23, '2018-06-19 14:57:54', '2018-06-19 14:57:54'),
	(286, 439, 22, '2018-06-19 14:57:54', '2018-06-19 14:57:54'),
	(287, 440, 22, '2018-06-19 14:57:54', '2018-06-19 14:57:54'),
	(288, 441, 25, '2018-06-19 14:57:54', '2018-06-19 14:57:54'),
	(289, 441, 22, '2018-06-19 14:57:54', '2018-06-19 14:57:54'),
	(290, 442, 20, '2018-06-19 14:57:54', '2018-06-19 14:57:54'),
	(291, 442, 22, '2018-06-19 14:57:54', '2018-06-19 14:57:54'),
	(292, 443, 22, '2018-06-19 14:57:54', '2018-06-19 14:57:54'),
	(293, 444, 23, '2018-06-19 14:57:54', '2018-06-19 14:57:54'),
	(294, 445, 23, '2018-06-19 14:57:54', '2018-06-19 14:57:54'),
	(295, 446, 23, '2018-06-19 14:57:54', '2018-06-19 14:57:54'),
	(296, 446, 22, '2018-06-19 14:57:54', '2018-06-19 14:57:54'),
	(297, 447, 22, '2018-06-19 14:57:54', '2018-06-19 14:57:54'),
	(298, 448, 20, '2018-06-19 14:57:54', '2018-06-19 14:57:54'),
	(299, 448, 22, '2018-06-19 14:57:54', '2018-06-19 14:57:54'),
	(300, 450, 22, '2018-06-19 14:57:54', '2018-06-19 14:57:54'),
	(301, 452, 22, '2018-06-19 14:57:54', '2018-06-19 14:57:54'),
	(302, 453, 22, '2018-06-19 14:57:54', '2018-06-19 14:57:54'),
	(303, 454, 20, '2018-06-19 14:57:54', '2018-06-19 14:57:54'),
	(304, 454, 22, '2018-06-19 14:57:54', '2018-06-19 14:57:54'),
	(305, 455, 22, '2018-06-19 14:57:54', '2018-06-19 14:57:54'),
	(306, 456, 19, '2018-06-19 14:57:54', '2018-06-19 14:57:54'),
	(307, 456, 25, '2018-06-19 14:57:54', '2018-06-19 14:57:54'),
	(308, 457, 20, '2018-06-19 14:57:54', '2018-06-19 14:57:54'),
	(309, 457, 22, '2018-06-19 14:57:54', '2018-06-19 14:57:54'),
	(310, 458, 21, '2018-06-19 14:57:55', '2018-06-19 14:57:55'),
	(311, 458, 22, '2018-06-19 14:57:55', '2018-06-19 14:57:55'),
	(312, 469, 23, '2018-06-19 15:10:45', '2018-06-19 15:10:45'),
	(313, 469, 22, '2018-06-19 15:10:45', '2018-06-19 15:10:45'),
	(314, 470, 23, '2018-06-19 15:10:45', '2018-06-19 15:10:45'),
	(315, 470, 22, '2018-06-19 15:10:45', '2018-06-19 15:10:45'),
	(316, 471, 21, '2018-06-19 15:10:45', '2018-06-19 15:10:45'),
	(317, 471, 22, '2018-06-19 15:10:45', '2018-06-19 15:10:45'),
	(318, 472, 19, '2018-06-19 15:10:45', '2018-06-19 15:10:45'),
	(319, 473, 22, '2018-06-19 15:10:45', '2018-06-19 15:10:45'),
	(320, 474, 24, '2018-06-19 15:10:45', '2018-06-19 15:10:45'),
	(321, 474, 25, '2018-06-19 15:10:45', '2018-06-19 15:10:45'),
	(322, 474, 22, '2018-06-19 15:10:45', '2018-06-19 15:10:45'),
	(323, 475, 21, '2018-06-19 15:10:45', '2018-06-19 15:10:45'),
	(324, 475, 22, '2018-06-19 15:10:45', '2018-06-19 15:10:45'),
	(325, 476, 20, '2018-06-19 15:10:45', '2018-06-19 15:10:45'),
	(326, 476, 22, '2018-06-19 15:10:45', '2018-06-19 15:10:45'),
	(327, 477, 22, '2018-06-19 15:10:45', '2018-06-19 15:10:45'),
	(328, 478, 22, '2018-06-19 15:10:45', '2018-06-19 15:10:45'),
	(329, 479, 25, '2018-06-19 15:10:45', '2018-06-19 15:10:45'),
	(330, 479, 20, '2018-06-19 15:10:45', '2018-06-19 15:10:45'),
	(331, 480, 22, '2018-06-19 15:10:45', '2018-06-19 15:10:45'),
	(332, 481, 25, '2018-06-19 15:10:45', '2018-06-19 15:10:45'),
	(333, 481, 20, '2018-06-19 15:10:45', '2018-06-19 15:10:45'),
	(334, 481, 22, '2018-06-19 15:10:45', '2018-06-19 15:10:45'),
	(335, 482, 22, '2018-06-19 15:10:45', '2018-06-19 15:10:45'),
	(336, 483, 22, '2018-06-19 15:10:45', '2018-06-19 15:10:45'),
	(337, 484, 24, '2018-06-19 15:10:45', '2018-06-19 15:10:45'),
	(338, 484, 22, '2018-06-19 15:10:45', '2018-06-19 15:10:45'),
	(339, 485, 23, '2018-06-19 15:10:45', '2018-06-19 15:10:45'),
	(340, 486, 24, '2018-06-19 15:10:45', '2018-06-19 15:10:45'),
	(341, 486, 22, '2018-06-19 15:10:45', '2018-06-19 15:10:45'),
	(342, 487, 23, '2018-06-19 15:10:45', '2018-06-19 15:10:45'),
	(343, 487, 22, '2018-06-19 15:10:45', '2018-06-19 15:10:45'),
	(344, 488, 22, '2018-06-19 15:10:45', '2018-06-19 15:10:45'),
	(345, 496, 22, '2018-06-19 15:22:42', '2018-06-19 15:22:42'),
	(346, 497, 23, '2018-06-19 15:22:42', '2018-06-19 15:22:42'),
	(347, 498, 22, '2018-06-19 15:22:42', '2018-06-19 15:22:42'),
	(348, 499, 21, '2018-06-19 15:22:42', '2018-06-19 15:22:42'),
	(349, 499, 22, '2018-06-19 15:22:42', '2018-06-19 15:22:42'),
	(350, 501, 20, '2018-06-19 15:22:42', '2018-06-19 15:22:42'),
	(351, 501, 22, '2018-06-19 15:22:42', '2018-06-19 15:22:42'),
	(352, 502, 24, '2018-06-19 15:22:42', '2018-06-19 15:22:42'),
	(353, 502, 23, '2018-06-19 15:22:42', '2018-06-19 15:22:42'),
	(354, 502, 20, '2018-06-19 15:22:42', '2018-06-19 15:22:42'),
	(355, 503, 25, '2018-06-19 15:22:42', '2018-06-19 15:22:42'),
	(356, 503, 20, '2018-06-19 15:22:42', '2018-06-19 15:22:42'),
	(357, 503, 22, '2018-06-19 15:22:42', '2018-06-19 15:22:42'),
	(358, 504, 21, '2018-06-19 15:22:42', '2018-06-19 15:22:42'),
	(359, 504, 22, '2018-06-19 15:22:42', '2018-06-19 15:22:42'),
	(360, 505, 20, '2018-06-19 15:22:42', '2018-06-19 15:22:42'),
	(361, 505, 22, '2018-06-19 15:22:42', '2018-06-19 15:22:42'),
	(362, 506, 22, '2018-06-19 15:22:42', '2018-06-19 15:22:42'),
	(363, 508, 22, '2018-06-19 15:22:42', '2018-06-19 15:22:42'),
	(364, 509, 24, '2018-06-19 15:22:42', '2018-06-19 15:22:42'),
	(365, 509, 23, '2018-06-19 15:22:42', '2018-06-19 15:22:42'),
	(366, 509, 22, '2018-06-19 15:22:42', '2018-06-19 15:22:42'),
	(367, 510, 24, '2018-06-19 15:22:42', '2018-06-19 15:22:42'),
	(368, 510, 23, '2018-06-19 15:22:42', '2018-06-19 15:22:42'),
	(369, 510, 22, '2018-06-19 15:22:42', '2018-06-19 15:22:42'),
	(370, 511, 22, '2018-06-19 15:22:42', '2018-06-19 15:22:42'),
	(371, 513, 22, '2018-06-19 15:22:43', '2018-06-19 15:22:43'),
	(372, 514, 25, '2018-06-19 15:22:43', '2018-06-19 15:22:43'),
	(373, 514, 22, '2018-06-19 15:22:43', '2018-06-19 15:22:43'),
	(374, 515, 22, '2018-06-19 15:22:43', '2018-06-19 15:22:43'),
	(375, 516, 23, '2018-06-19 15:22:43', '2018-06-19 15:22:43'),
	(376, 517, 22, '2018-06-19 15:22:43', '2018-06-19 15:22:43'),
	(377, 518, 22, '2018-06-19 15:22:43', '2018-06-19 15:22:43'),
	(378, 519, 25, '2018-06-19 15:22:43', '2018-06-19 15:22:43'),
	(379, 530, 23, '2018-06-19 15:33:09', '2018-06-19 15:33:09'),
	(380, 531, 25, '2018-06-19 15:33:09', '2018-06-19 15:33:09'),
	(381, 531, 22, '2018-06-19 15:33:09', '2018-06-19 15:33:09'),
	(382, 533, 22, '2018-06-19 15:33:09', '2018-06-19 15:33:09'),
	(383, 534, 21, '2018-06-19 15:33:09', '2018-06-19 15:33:09'),
	(384, 534, 22, '2018-06-19 15:33:09', '2018-06-19 15:33:09'),
	(385, 535, 21, '2018-06-19 15:33:09', '2018-06-19 15:33:09'),
	(386, 535, 22, '2018-06-19 15:33:09', '2018-06-19 15:33:09'),
	(387, 536, 20, '2018-06-19 15:33:09', '2018-06-19 15:33:09'),
	(388, 536, 22, '2018-06-19 15:33:09', '2018-06-19 15:33:09'),
	(389, 538, 22, '2018-06-19 15:33:09', '2018-06-19 15:33:09'),
	(391, 540, 25, '2018-06-19 15:33:10', '2018-06-19 15:33:10'),
	(392, 540, 20, '2018-06-19 15:33:10', '2018-06-19 15:33:10'),
	(393, 541, 22, '2018-06-19 15:33:10', '2018-06-19 15:33:10'),
	(394, 542, 25, '2018-06-19 15:33:10', '2018-06-19 15:33:10'),
	(395, 542, 20, '2018-06-19 15:33:10', '2018-06-19 15:33:10'),
	(396, 542, 22, '2018-06-19 15:33:10', '2018-06-19 15:33:10'),
	(397, 543, 24, '2018-06-19 15:33:10', '2018-06-19 15:33:10'),
	(398, 543, 23, '2018-06-19 15:33:10', '2018-06-19 15:33:10'),
	(399, 543, 22, '2018-06-19 15:33:10', '2018-06-19 15:33:10'),
	(400, 544, 22, '2018-06-19 15:33:10', '2018-06-19 15:33:10'),
	(401, 545, 22, '2018-06-19 15:33:10', '2018-06-19 15:33:10'),
	(402, 546, 23, '2018-06-19 15:33:10', '2018-06-19 15:33:10'),
	(403, 546, 22, '2018-06-19 15:33:10', '2018-06-19 15:33:10'),
	(404, 547, 23, '2018-06-19 15:33:10', '2018-06-19 15:33:10'),
	(405, 548, 22, '2018-06-19 15:33:10', '2018-06-19 15:33:10'),
	(406, 549, 22, '2018-06-19 15:33:10', '2018-06-19 15:33:10'),
	(407, 550, 20, '2018-06-19 15:33:10', '2018-06-19 15:33:10'),
	(408, 550, 22, '2018-06-19 15:33:10', '2018-06-19 15:33:10'),
	(409, 551, 22, '2018-06-19 15:33:10', '2018-06-19 15:33:10'),
	(410, 552, 22, '2018-06-19 15:33:10', '2018-06-19 15:33:10'),
	(411, 562, 23, '2018-06-19 23:43:58', '2018-06-19 23:43:58'),
	(412, 562, 22, '2018-06-19 23:43:58', '2018-06-19 23:43:58'),
	(413, 563, 22, '2018-06-19 23:43:58', '2018-06-19 23:43:58'),
	(414, 564, 25, '2018-06-19 23:43:58', '2018-06-19 23:43:58'),
	(415, 564, 22, '2018-06-19 23:43:58', '2018-06-19 23:43:58'),
	(416, 567, 20, '2018-06-19 23:43:58', '2018-06-19 23:43:58'),
	(417, 567, 22, '2018-06-19 23:43:58', '2018-06-19 23:43:58'),
	(418, 568, 20, '2018-06-19 23:43:58', '2018-06-19 23:43:58'),
	(419, 569, 21, '2018-06-19 23:43:58', '2018-06-19 23:43:58'),
	(420, 569, 22, '2018-06-19 23:43:58', '2018-06-19 23:43:58'),
	(421, 570, 22, '2018-06-19 23:43:58', '2018-06-19 23:43:58'),
	(422, 571, 22, '2018-06-19 23:43:58', '2018-06-19 23:43:58'),
	(423, 572, 20, '2018-06-19 23:43:58', '2018-06-19 23:43:58'),
	(424, 572, 22, '2018-06-19 23:43:58', '2018-06-19 23:43:58'),
	(425, 573, 22, '2018-06-19 23:43:58', '2018-06-19 23:43:58'),
	(426, 574, 23, '2018-06-19 23:43:58', '2018-06-19 23:43:58'),
	(427, 574, 20, '2018-06-19 23:43:58', '2018-06-19 23:43:58'),
	(428, 574, 22, '2018-06-19 23:43:58', '2018-06-19 23:43:58'),
	(429, 575, 22, '2018-06-19 23:43:58', '2018-06-19 23:43:58'),
	(430, 576, 25, '2018-06-19 23:43:58', '2018-06-19 23:43:58'),
	(431, 576, 22, '2018-06-19 23:43:58', '2018-06-19 23:43:58'),
	(432, 577, 22, '2018-06-19 23:43:58', '2018-06-19 23:43:58'),
	(433, 578, 23, '2018-06-19 23:43:58', '2018-06-19 23:43:58'),
	(434, 579, 22, '2018-06-19 23:43:58', '2018-06-19 23:43:58'),
	(435, 580, 25, '2018-06-19 23:43:58', '2018-06-19 23:43:58'),
	(436, 582, 22, '2018-06-19 23:43:58', '2018-06-19 23:43:58'),
	(437, 593, 22, '2018-06-20 00:00:14', '2018-06-20 00:00:14'),
	(438, 594, 22, '2018-06-20 00:00:14', '2018-06-20 00:00:14'),
	(439, 595, 22, '2018-06-20 00:00:14', '2018-06-20 00:00:14'),
	(440, 596, 23, '2018-06-20 00:00:14', '2018-06-20 00:00:14'),
	(441, 596, 22, '2018-06-20 00:00:14', '2018-06-20 00:00:14'),
	(442, 597, 20, '2018-06-20 00:00:14', '2018-06-20 00:00:14'),
	(443, 597, 22, '2018-06-20 00:00:14', '2018-06-20 00:00:14'),
	(444, 598, 22, '2018-06-20 00:00:14', '2018-06-20 00:00:14'),
	(445, 602, 22, '2018-06-20 00:00:14', '2018-06-20 00:00:14'),
	(446, 603, 20, '2018-06-20 00:00:14', '2018-06-20 00:00:14'),
	(447, 604, 25, '2018-06-20 00:00:14', '2018-06-20 00:00:14'),
	(448, 604, 22, '2018-06-20 00:00:14', '2018-06-20 00:00:14'),
	(449, 606, 21, '2018-06-20 00:00:14', '2018-06-20 00:00:14'),
	(450, 606, 22, '2018-06-20 00:00:14', '2018-06-20 00:00:14'),
	(451, 607, 23, '2018-06-20 00:00:14', '2018-06-20 00:00:14'),
	(452, 607, 22, '2018-06-20 00:00:14', '2018-06-20 00:00:14'),
	(453, 608, 25, '2018-06-20 00:00:14', '2018-06-20 00:00:14'),
	(454, 609, 23, '2018-06-20 00:00:14', '2018-06-20 00:00:14'),
	(455, 609, 22, '2018-06-20 00:00:14', '2018-06-20 00:00:14'),
	(456, 610, 22, '2018-06-20 00:00:14', '2018-06-20 00:00:14'),
	(457, 611, 22, '2018-06-20 00:00:14', '2018-06-20 00:00:14'),
	(458, 612, 20, '2018-06-20 00:00:14', '2018-06-20 00:00:14'),
	(459, 612, 22, '2018-06-20 00:00:14', '2018-06-20 00:00:14'),
	(460, 613, 25, '2018-06-20 00:00:14', '2018-06-20 00:00:14'),
	(461, 613, 20, '2018-06-20 00:00:14', '2018-06-20 00:00:14'),
	(462, 614, 22, '2018-06-20 00:00:14', '2018-06-20 00:00:14'),
	(463, 615, 20, '2018-06-20 00:00:14', '2018-06-20 00:00:14'),
	(464, 615, 22, '2018-06-20 00:00:14', '2018-06-20 00:00:14'),
	(465, 621, 25, '2018-06-20 00:09:53', '2018-06-20 00:09:53'),
	(466, 621, 22, '2018-06-20 00:09:53', '2018-06-20 00:09:53'),
	(467, 622, 23, '2018-06-20 00:09:53', '2018-06-20 00:09:53'),
	(468, 623, 22, '2018-06-20 00:09:53', '2018-06-20 00:09:53'),
	(469, 624, 22, '2018-06-20 00:09:53', '2018-06-20 00:09:53'),
	(470, 625, 22, '2018-06-20 00:09:53', '2018-06-20 00:09:53'),
	(471, 627, 20, '2018-06-20 00:09:53', '2018-06-20 00:09:53'),
	(472, 629, 22, '2018-06-20 00:09:53', '2018-06-20 00:09:53'),
	(473, 630, 22, '2018-06-20 00:09:53', '2018-06-20 00:09:53'),
	(474, 631, 20, '2018-06-20 00:09:53', '2018-06-20 00:09:53'),
	(475, 631, 22, '2018-06-20 00:09:53', '2018-06-20 00:09:53'),
	(476, 632, 21, '2018-06-20 00:09:53', '2018-06-20 00:09:53'),
	(477, 632, 22, '2018-06-20 00:09:53', '2018-06-20 00:09:53'),
	(478, 633, 20, '2018-06-20 00:09:53', '2018-06-20 00:09:53'),
	(479, 633, 22, '2018-06-20 00:09:53', '2018-06-20 00:09:53'),
	(480, 634, 25, '2018-06-20 00:09:53', '2018-06-20 00:09:53'),
	(481, 634, 22, '2018-06-20 00:09:53', '2018-06-20 00:09:53'),
	(482, 635, 20, '2018-06-20 00:09:53', '2018-06-20 00:09:53'),
	(483, 635, 22, '2018-06-20 00:09:53', '2018-06-20 00:09:53'),
	(484, 636, 20, '2018-06-20 00:09:53', '2018-06-20 00:09:53'),
	(485, 637, 23, '2018-06-20 00:09:53', '2018-06-20 00:09:53'),
	(486, 637, 22, '2018-06-20 00:09:53', '2018-06-20 00:09:53'),
	(487, 638, 22, '2018-06-20 00:09:53', '2018-06-20 00:09:53'),
	(488, 639, 22, '2018-06-20 00:09:53', '2018-06-20 00:09:53'),
	(489, 640, 22, '2018-06-20 00:09:54', '2018-06-20 00:09:54'),
	(490, 642, 25, '2018-06-20 00:09:54', '2018-06-20 00:09:54'),
	(491, 642, 22, '2018-06-20 00:09:54', '2018-06-20 00:09:54'),
	(492, 644, 24, '2018-06-20 00:09:54', '2018-06-20 00:09:54'),
	(493, 644, 23, '2018-06-20 00:09:54', '2018-06-20 00:09:54'),
	(494, 644, 22, '2018-06-20 00:09:54', '2018-06-20 00:09:54'),
	(495, 655, 22, '2018-06-20 00:21:56', '2018-06-20 00:21:56'),
	(496, 656, 24, '2018-06-20 00:21:56', '2018-06-20 00:21:56'),
	(497, 656, 22, '2018-06-20 00:21:56', '2018-06-20 00:21:56'),
	(498, 657, 22, '2018-06-20 00:21:56', '2018-06-20 00:21:56'),
	(499, 658, 23, '2018-06-20 00:21:56', '2018-06-20 00:21:56'),
	(500, 658, 22, '2018-06-20 00:21:56', '2018-06-20 00:21:56'),
	(501, 659, 20, '2018-06-20 00:21:56', '2018-06-20 00:21:56'),
	(502, 659, 22, '2018-06-20 00:21:56', '2018-06-20 00:21:56'),
	(503, 661, 20, '2018-06-20 00:21:56', '2018-06-20 00:21:56'),
	(504, 661, 22, '2018-06-20 00:21:56', '2018-06-20 00:21:56'),
	(505, 662, 22, '2018-06-20 00:21:56', '2018-06-20 00:21:56'),
	(506, 663, 22, '2018-06-20 00:21:56', '2018-06-20 00:21:56'),
	(507, 664, 22, '2018-06-20 00:21:56', '2018-06-20 00:21:56'),
	(508, 665, 22, '2018-06-20 00:21:56', '2018-06-20 00:21:56'),
	(509, 666, 25, '2018-06-20 00:21:56', '2018-06-20 00:21:56'),
	(510, 666, 22, '2018-06-20 00:21:56', '2018-06-20 00:21:56'),
	(511, 668, 22, '2018-06-20 00:21:56', '2018-06-20 00:21:56'),
	(512, 669, 24, '2018-06-20 00:21:56', '2018-06-20 00:21:56'),
	(513, 669, 22, '2018-06-20 00:21:56', '2018-06-20 00:21:56'),
	(514, 670, 22, '2018-06-20 00:21:56', '2018-06-20 00:21:56'),
	(515, 671, 25, '2018-06-20 00:21:57', '2018-06-20 00:21:57'),
	(516, 671, 22, '2018-06-20 00:21:57', '2018-06-20 00:21:57'),
	(517, 672, 21, '2018-06-20 00:21:57', '2018-06-20 00:21:57'),
	(518, 672, 22, '2018-06-20 00:21:57', '2018-06-20 00:21:57'),
	(519, 673, 22, '2018-06-20 00:21:57', '2018-06-20 00:21:57'),
	(520, 674, 22, '2018-06-20 00:21:57', '2018-06-20 00:21:57'),
	(521, 675, 20, '2018-06-20 00:21:57', '2018-06-20 00:21:57'),
	(522, 676, 20, '2018-06-20 00:21:57', '2018-06-20 00:21:57'),
	(523, 676, 22, '2018-06-20 00:21:57', '2018-06-20 00:21:57'),
	(524, 677, 22, '2018-06-20 00:21:57', '2018-06-20 00:21:57');
/*!40000 ALTER TABLE `shift_to_mod` ENABLE KEYS */;

-- Dumping structure for table tracker.staff_members
DROP TABLE IF EXISTS `staff_members`;
CREATE TABLE IF NOT EXISTS `staff_members` (
  `id` int(11) NOT NULL AUTO_INCREMENT,
  `first_name` varchar(100) NOT NULL,
  `last_name` varchar(150) NOT NULL,
  `category_id` int(11) NOT NULL,
  `active` tinyint(1) NOT NULL DEFAULT 1,
  `date_created` datetime NOT NULL DEFAULT current_timestamp(),
  `date_updated` timestamp NOT NULL DEFAULT current_timestamp() ON UPDATE current_timestamp(),
  `created_by` varchar(255) NOT NULL,
  `updated_by` varchar(255) DEFAULT NULL,
  PRIMARY KEY (`id`),
  UNIQUE KEY `uq_name` (`first_name`,`last_name`),
  KEY `staff_members_ibfk_1` (`category_id`),
  CONSTRAINT `staff_members_ibfk_1` FOREIGN KEY (`category_id`) REFERENCES `categories` (`id`) ON UPDATE CASCADE
) ENGINE=InnoDB AUTO_INCREMENT=250 DEFAULT CHARSET=utf8;

-- Dumping data for table tracker.staff_members: ~210 rows (approximately)
DELETE FROM `staff_members`;
/*!40000 ALTER TABLE `staff_members` DISABLE KEYS */;
INSERT INTO `staff_members` (`id`, `first_name`, `last_name`, `category_id`, `active`, `date_created`, `date_updated`, `created_by`, `updated_by`) VALUES
	(19, 'Tim', 'Austin', 1, 1, '2018-03-09 14:00:13', '2018-03-24 09:55:57', 'tima', 'webuser'),
	(21, 'Dan', 'Cashen', 1, 1, '2018-03-12 21:20:23', '2018-03-12 15:20:23', 'tima', NULL),
	(29, 'Tanya', 'Harvey', 1, 1, '2018-04-10 17:08:08', '2018-04-10 11:08:08', 'tima', NULL),
	(30, 'Karen', 'Mosca', 3, 1, '2018-04-10 17:08:20', '2018-04-10 11:08:20', 'tima', NULL),
	(31, 'Leisa', 'Brown', 2, 1, '2018-04-13 17:52:44', '2018-04-13 11:52:44', 'tima', NULL),
	(32, 'Edith', 'Yorga', 5, 1, '2018-04-13 17:55:20', '2018-04-13 11:55:20', 'tima', NULL),
	(33, 'Sara', 'McAlduff', 1, 1, '2018-04-13 17:57:16', '2018-04-13 11:57:16', 'tima', NULL),
	(34, 'Nicole', 'De Greef', 1, 1, '2018-04-13 17:57:37', '2018-04-13 11:57:37', 'tima', NULL),
	(35, 'Dinu', 'Maligalispe', 1, 1, '2018-04-13 17:57:53', '2018-04-13 11:57:53', 'tima', NULL),
	(36, 'Heather', 'Kahl', 1, 1, '2018-04-13 17:58:03', '2018-04-13 11:58:03', 'tima', NULL),
	(37, 'Jason', 'Sartisan', 1, 1, '2018-04-13 17:58:23', '2018-04-13 11:58:23', 'tima', NULL),
	(38, 'Megan', 'Kelly', 1, 1, '2018-04-13 17:58:30', '2018-04-13 11:58:30', 'tima', NULL),
	(39, 'Shandell', 'Pickett', 1, 1, '2018-04-13 17:58:36', '2018-04-13 11:58:36', 'tima', NULL),
	(40, 'Aaron', 'Railton', 1, 1, '2018-04-13 17:58:56', '2018-04-13 11:58:56', 'tima', NULL),
	(41, 'Loren', 'Babb', 1, 1, '2018-04-13 18:02:54', '2018-04-13 12:02:54', 'tima', NULL),
	(42, 'Tyler', 'Hume', 1, 1, '2018-04-13 18:02:59', '2018-04-13 12:02:59', 'tima', NULL),
	(43, 'Tanya', 'Cottrell', 1, 1, '2018-04-13 18:03:08', '2018-04-13 12:03:08', 'tima', NULL),
	(44, 'Sue', 'Rose', 1, 1, '2018-04-13 18:03:12', '2018-04-13 12:03:12', 'tima', NULL),
	(45, 'Derek', 'Chute', 1, 1, '2018-04-13 18:03:16', '2018-04-13 12:03:16', 'tima', NULL),
	(46, 'Vanessa', 'Doiron', 1, 1, '2018-04-13 18:04:10', '2018-04-13 12:04:10', 'tima', NULL),
	(47, 'Carly', 'More', 1, 1, '2018-04-13 18:04:19', '2018-04-13 12:04:19', 'tima', NULL),
	(48, 'Erin', 'Tucci', 1, 1, '2018-04-13 18:04:23', '2018-04-13 12:04:23', 'tima', NULL),
	(49, 'Christine', 'Peterson', 1, 1, '2018-04-13 18:04:33', '2018-04-13 12:04:33', 'tima', NULL),
	(50, 'Paula', 'Mickelson', 1, 1, '2018-04-13 18:04:40', '2018-04-13 12:04:40', 'tima', NULL),
	(51, 'Charis', 'Stewart', 1, 1, '2018-04-13 18:05:18', '2018-04-13 12:05:18', 'tima', NULL),
	(52, 'Lauren', 'Campbell', 1, 1, '2018-04-13 18:05:24', '2018-04-13 12:05:24', 'tima', NULL),
	(53, 'Kelsey', 'Doorn', 1, 1, '2018-04-13 18:05:30', '2018-04-13 12:05:30', 'tima', NULL),
	(54, 'Jenny', 'Gutin', 5, 1, '2018-04-13 18:05:40', '2018-04-13 12:05:40', 'tima', NULL),
	(55, 'Reetha', 'Thomas', 5, 1, '2018-04-13 18:05:53', '2018-04-13 12:05:53', 'tima', NULL),
	(56, 'Karen', 'Owad', 3, 1, '2018-04-13 18:06:04', '2018-04-13 12:06:04', 'tima', NULL),
	(57, 'Devin', 'Queen', 3, 1, '2018-04-13 18:06:16', '2018-04-13 12:06:16', 'tima', NULL),
	(58, 'Sandra', 'Young', 1, 1, '2018-04-13 18:16:03', '2018-04-13 12:16:03', 'tima', NULL),
	(59, 'Alana', 'Fredericksen', 1, 1, '2018-04-13 18:16:10', '2018-04-13 12:16:10', 'tima', NULL),
	(60, 'Neil', 'Hermanson', 1, 1, '2018-04-14 13:25:01', '2018-04-14 07:25:01', 'tima', NULL),
	(61, 'Dan', 'Burridge', 1, 1, '2018-04-14 13:25:11', '2018-04-14 07:25:11', 'tima', NULL),
	(62, 'Lois', 'Coombs', 1, 1, '2018-04-14 13:25:23', '2018-04-14 07:25:23', 'tima', NULL),
	(63, 'Sheri', 'McKay', 1, 1, '2018-04-14 13:25:40', '2018-04-14 07:25:40', 'tima', NULL),
	(64, 'Van', 'Vu', 1, 1, '2018-04-14 13:26:06', '2018-04-14 07:26:06', 'tima', NULL),
	(65, 'Jeunine', 'Champagne', 1, 1, '2018-04-14 13:29:06', '2018-04-14 07:29:06', 'tima', NULL),
	(66, 'Sarah', 'Mann', 1, 1, '2018-04-14 13:29:16', '2018-04-14 07:29:16', 'tima', NULL),
	(67, 'Amber', 'Hughes', 1, 1, '2018-04-14 13:29:34', '2018-04-14 07:29:34', 'tima', NULL),
	(68, 'Sheena', 'Morton', 1, 1, '2018-04-14 13:29:48', '2018-04-14 07:29:48', 'tima', NULL),
	(69, 'Kathleen', 'Herbison', 1, 1, '2018-04-14 13:30:00', '2018-04-14 07:30:00', 'tima', NULL),
	(70, 'Brittany', 'Coughlin', 1, 1, '2018-04-14 13:30:12', '2018-04-14 07:30:12', 'tima', NULL),
	(71, 'Patricia (Patti)', 'Hayes', 5, 1, '2018-04-14 13:31:25', '2018-04-16 14:39:14', 'tima', 'tima'),
	(72, 'Jomi', 'Cabali', 5, 1, '2018-04-14 13:32:12', '2018-04-14 16:57:17', 'tima', 'tima'),
	(73, 'Gunnar', 'Everson', 1, 1, '2018-04-14 13:32:43', '2018-04-14 07:32:43', 'tima', NULL),
	(74, 'Whitney', 'Sullivan', 1, 1, '2018-04-14 22:48:57', '2018-04-14 16:48:57', 'tima', NULL),
	(75, 'Karlyn', 'Wolfe', 1, 1, '2018-04-14 22:49:13', '2018-04-14 16:49:13', 'tima', NULL),
	(76, 'Paige', 'Volante', 1, 1, '2018-04-14 22:49:25', '2018-04-14 16:49:25', 'tima', NULL),
	(77, 'Janice', 'Blackwood', 1, 1, '2018-04-14 22:49:40', '2018-04-14 16:49:40', 'tima', NULL),
	(78, 'Maggie', 'Mallet', 1, 1, '2018-04-14 22:49:55', '2018-04-14 16:49:55', 'tima', NULL),
	(79, 'Karla', 'Strobel', 1, 1, '2018-04-14 22:50:05', '2018-04-14 16:50:05', 'tima', NULL),
	(80, 'Lysa', 'Kornak', 1, 1, '2018-04-14 22:50:15', '2018-04-14 16:50:15', 'tima', NULL),
	(81, 'Jessica', 'Landry', 1, 1, '2018-04-14 22:50:26', '2018-04-14 16:50:26', 'tima', NULL),
	(82, 'Robin', 'Warwaruk-Rogers', 1, 1, '2018-04-14 22:50:48', '2018-04-14 16:50:48', 'tima', NULL),
	(83, 'Thomas', 'Hamilton', 1, 1, '2018-04-14 22:51:00', '2018-04-14 16:51:00', 'tima', NULL),
	(84, 'Justine', 'Reyes', 1, 1, '2018-04-14 22:51:19', '2018-04-14 16:51:19', 'tima', NULL),
	(85, 'Courtney', 'Jewell', 1, 1, '2018-04-14 22:51:35', '2018-04-14 16:51:35', 'tima', NULL),
	(86, 'Laura', 'Darton', 1, 1, '2018-04-14 22:51:48', '2018-04-14 16:51:48', 'tima', NULL),
	(87, 'Courtney', 'Fischer', 1, 1, '2018-04-14 22:52:06', '2018-04-14 16:52:06', 'tima', NULL),
	(88, 'Shyla', 'Whitmore', 1, 1, '2018-04-14 22:52:16', '2018-04-14 16:52:16', 'tima', NULL),
	(89, 'Joyleen', 'Jonahs', 1, 1, '2018-04-14 22:52:33', '2018-04-14 16:52:33', 'tima', NULL),
	(90, 'Taaryn', 'Miller', 1, 1, '2018-04-14 22:52:46', '2018-04-14 16:52:46', 'tima', NULL),
	(91, 'Leiann', 'Magnusson', 1, 1, '2018-04-14 22:53:01', '2018-04-14 16:53:01', 'tima', NULL),
	(92, 'Brynne', 'Aquinaga', 1, 1, '2018-04-14 22:53:27', '2018-04-14 16:53:27', 'tima', NULL),
	(93, 'Charlotte', 'Procee', 1, 1, '2018-04-14 22:53:48', '2018-04-14 16:53:48', 'tima', NULL),
	(94, 'Louise', 'Martin', 1, 1, '2018-04-14 22:54:15', '2018-04-14 16:54:15', 'tima', NULL),
	(95, 'Angela', 'Stranges', 1, 1, '2018-04-14 22:54:41', '2018-04-14 16:54:41', 'tima', NULL),
	(96, 'Charlotte', 'Crone', 1, 1, '2018-04-14 22:54:57', '2018-04-14 16:54:57', 'tima', NULL),
	(97, 'Mary-lou', 'Tourigny', 1, 1, '2018-04-14 22:55:13', '2018-04-14 16:55:13', 'tima', NULL),
	(98, 'Carmina', 'Caddauan', 5, 1, '2018-04-14 22:55:29', '2018-04-14 16:55:29', 'tima', NULL),
	(99, 'Kate', 'Abenoja', 5, 1, '2018-04-14 22:55:45', '2018-04-14 16:55:45', 'tima', NULL),
	(100, 'Jackie', 'Long', 3, 1, '2018-04-14 22:55:59', '2018-04-14 16:55:59', 'tima', NULL),
	(101, 'Dell', 'Berg', 3, 1, '2018-04-14 22:56:10', '2018-04-14 16:56:10', 'tima', NULL),
	(102, 'Lorilyn', 'Hanlie', 3, 1, '2018-04-14 22:56:29', '2018-04-14 16:56:29', 'tima', NULL),
	(103, 'Marcella', 'Murray', 1, 1, '2018-04-14 22:56:47', '2018-04-14 16:56:47', 'tima', NULL),
	(104, 'Carolyn', 'Spence', 1, 1, '2018-04-14 23:05:51', '2018-04-14 17:05:51', 'tima', NULL),
	(105, 'Mary', 'Stobbs', 1, 1, '2018-04-14 23:05:57', '2018-04-14 17:05:57', 'tima', NULL),
	(106, 'Fatima', 'Ahmed', 1, 1, '2018-04-14 23:06:05', '2018-04-14 17:06:05', 'tima', NULL),
	(107, 'Jenna', 'Baker', 1, 1, '2018-04-14 23:06:14', '2018-04-14 17:06:14', 'tima', NULL),
	(108, 'Angela', 'Bennet', 1, 1, '2018-04-14 23:06:20', '2018-04-14 17:06:20', 'tima', NULL),
	(109, 'Heather', 'Best', 1, 1, '2018-04-14 23:06:26', '2018-04-14 17:06:26', 'tima', NULL),
	(110, 'Kate', 'Blackett', 1, 1, '2018-04-14 23:06:34', '2018-04-14 17:06:34', 'tima', NULL),
	(111, 'Candace', 'Booth', 1, 1, '2018-04-14 23:06:39', '2018-04-14 17:06:39', 'tima', NULL),
	(112, 'Laura', 'Borowski', 1, 1, '2018-04-14 23:06:49', '2018-04-14 17:06:49', 'tima', NULL),
	(113, 'Jessica', 'Boychuk', 1, 1, '2018-04-14 23:06:57', '2018-04-14 17:06:57', 'tima', NULL),
	(114, 'Anna', 'Chaberska', 1, 1, '2018-04-14 23:07:05', '2018-04-14 17:07:05', 'tima', NULL),
	(115, 'Jessica', 'Cheung', 1, 1, '2018-04-14 23:07:13', '2018-04-14 17:07:13', 'tima', NULL),
	(117, 'Trina', 'Cline', 1, 1, '2018-04-14 23:07:34', '2018-04-14 17:07:34', 'tima', NULL),
	(118, 'Shantel', 'Cook', 1, 1, '2018-04-14 23:07:42', '2018-04-14 17:07:42', 'tima', NULL),
	(119, 'Veronica', 'Courtier', 1, 1, '2018-04-14 23:07:52', '2018-04-14 17:07:52', 'tima', NULL),
	(120, 'Zorig', 'Dash Ochir', 1, 1, '2018-04-14 23:08:04', '2018-04-14 17:08:04', 'tima', NULL),
	(121, 'Matt', 'Gale', 1, 1, '2018-04-14 23:08:19', '2018-04-14 17:08:19', 'tima', NULL),
	(122, 'Louise', 'Galick-Nelson', 1, 1, '2018-04-14 23:08:34', '2018-04-14 17:08:34', 'tima', NULL),
	(123, 'Lesley', 'Gallant', 1, 1, '2018-04-14 23:08:42', '2018-04-14 17:08:42', 'tima', NULL),
	(124, 'Kathleen', 'Gilbert', 1, 1, '2018-04-14 23:08:48', '2018-04-14 17:08:48', 'tima', NULL),
	(125, 'Kirsten', 'Grant', 1, 1, '2018-04-14 23:08:53', '2018-04-14 17:08:53', 'tima', NULL),
	(126, 'Emily', 'Hagg', 1, 1, '2018-04-14 23:08:59', '2018-04-14 17:08:59', 'tima', NULL),
	(127, 'Sarah', 'Haines', 1, 1, '2018-04-14 23:09:10', '2018-04-14 17:09:10', 'tima', NULL),
	(128, 'Carolyn', 'Hogan', 1, 1, '2018-04-14 23:09:22', '2018-04-14 17:09:22', 'tima', NULL),
	(129, 'Tyrell', 'Holinaty', 1, 1, '2018-04-14 23:09:35', '2018-04-14 17:09:35', 'tima', NULL),
	(130, 'Janet', 'Hughes', 1, 1, '2018-04-14 23:09:44', '2018-04-14 17:09:44', 'tima', NULL),
	(132, 'Victoria', 'james', 1, 1, '2018-04-14 23:10:02', '2018-04-14 17:10:02', 'tima', NULL),
	(134, 'Maricar', 'Jimena', 1, 1, '2018-04-14 23:10:34', '2018-04-14 17:10:34', 'tima', NULL),
	(135, 'Crystal', 'Kemick', 1, 1, '2018-04-14 23:10:45', '2018-04-14 17:10:45', 'tima', NULL),
	(136, 'Daryl', 'Kostick', 1, 1, '2018-04-14 23:10:53', '2018-04-14 17:10:53', 'tima', NULL),
	(137, 'Brigitta', 'Kozuback', 1, 1, '2018-04-14 23:11:04', '2018-04-14 17:11:04', 'tima', NULL),
	(139, 'Rhonda', 'McAvoy', 1, 1, '2018-04-14 23:11:24', '2018-04-14 17:11:24', 'tima', NULL),
	(140, 'Kristen', 'Meyer', 1, 1, '2018-04-14 23:11:37', '2018-04-14 17:11:37', 'tima', NULL),
	(142, 'Kayla', 'Nnaemeka', 1, 1, '2018-04-14 23:12:09', '2018-04-14 17:12:09', 'tima', NULL),
	(143, 'Taryn', 'Oggy', 1, 1, '2018-04-14 23:12:16', '2018-04-14 17:12:16', 'tima', NULL),
	(144, 'Chelsea', 'Palardy', 1, 1, '2018-04-14 23:12:23', '2018-04-14 17:12:23', 'tima', NULL),
	(145, 'Jovita', 'Patara', 1, 1, '2018-04-14 23:12:33', '2018-04-14 17:12:33', 'tima', NULL),
	(146, 'Carly', 'Revitt', 1, 1, '2018-04-14 23:12:44', '2018-04-14 17:12:44', 'tima', NULL),
	(147, 'Loren', 'Rosia', 1, 1, '2018-04-14 23:12:50', '2018-04-14 17:12:50', 'tima', NULL),
	(148, 'Desta &quot;Morgan&quot;', 'Selig', 1, 1, '2018-04-14 23:13:08', '2018-04-14 17:13:08', 'tima', NULL),
	(149, 'Candace', 'Taylor', 1, 1, '2018-04-14 23:13:16', '2018-04-14 17:13:16', 'tima', NULL),
	(150, 'Wendy', 'Vatour', 1, 1, '2018-04-14 23:13:24', '2018-04-14 17:13:24', 'tima', NULL),
	(151, 'Erin', 'Waslen', 1, 1, '2018-04-14 23:13:32', '2018-04-14 17:13:32', 'tima', NULL),
	(152, 'Brooke', 'Watson', 1, 1, '2018-04-14 23:13:41', '2018-04-14 17:13:41', 'tima', NULL),
	(153, 'Rob', 'Wiederick', 1, 1, '2018-04-14 23:13:51', '2018-04-14 17:13:51', 'tima', NULL),
	(154, 'Susan', 'Caughie', 1, 1, '2018-04-14 23:14:03', '2018-04-14 17:14:03', 'tima', NULL),
	(155, 'Heather', 'Dark', 1, 1, '2018-04-14 23:14:09', '2018-04-14 17:14:09', 'tima', NULL),
	(156, 'Lorena', 'Dipalma', 1, 1, '2018-04-14 23:14:19', '2018-04-14 17:14:19', 'tima', NULL),
	(157, 'Natalie', 'Bruinius', 1, 1, '2018-04-14 23:14:40', '2018-04-14 17:14:40', 'tima', NULL),
	(159, 'Ewa', 'Ezard', 1, 1, '2018-04-14 23:15:00', '2018-04-14 17:15:00', 'tima', NULL),
	(160, 'Jennifer', 'Fediuk', 1, 1, '2018-04-14 23:15:07', '2018-04-14 17:15:07', 'tima', NULL),
	(161, 'Melanie', 'Ferris', 1, 1, '2018-04-14 23:15:13', '2018-04-14 17:15:13', 'tima', NULL),
	(162, 'Kim', 'Foster', 1, 1, '2018-04-14 23:15:18', '2018-04-14 17:15:18', 'tima', NULL),
	(163, 'Lori', 'Hojszak', 1, 1, '2018-04-14 23:15:33', '2018-04-14 17:15:33', 'tima', NULL),
	(164, 'Erin', 'Jewell', 1, 1, '2018-04-14 23:15:41', '2018-04-14 17:15:41', 'tima', NULL),
	(165, 'Shannon', 'Kralka', 1, 1, '2018-04-14 23:15:48', '2018-04-14 17:15:48', 'tima', NULL),
	(167, 'Julie', 'Mann', 1, 1, '2018-04-14 23:16:12', '2018-04-14 17:16:12', 'tima', NULL),
	(168, 'Terri', 'McGrath', 1, 1, '2018-04-14 23:16:18', '2018-04-14 17:16:18', 'tima', NULL),
	(170, 'Leo', 'Ruba', 1, 1, '2018-04-14 23:18:00', '2018-04-14 17:18:00', 'tima', NULL),
	(171, 'Cailin', 'Rutter', 1, 1, '2018-04-14 23:18:58', '2018-04-14 17:18:58', 'tima', NULL),
	(172, 'Kate', 'Sleno', 1, 1, '2018-04-14 23:19:16', '2018-04-14 17:19:16', 'tima', NULL),
	(173, 'Kristy', 'Tidlund', 1, 1, '2018-04-14 23:30:35', '2018-04-14 17:30:35', 'tima', NULL),
	(175, 'Stephanie', 'Bark', 1, 1, '2018-04-14 23:30:48', '2018-04-16 16:38:09', 'tima', NULL),
	(176, 'Caralyn', 'Bencsik', 1, 1, '2018-04-14 23:31:00', '2018-04-14 17:31:00', 'tima', NULL),
	(177, 'Tricia', 'Bray', 1, 1, '2018-04-14 23:31:09', '2018-04-14 17:31:09', 'tima', NULL),
	(178, 'Joanne', 'Bouma', 1, 1, '2018-04-14 23:31:15', '2018-04-14 17:31:15', 'tima', NULL),
	(179, 'Aoife', 'Brogan', 1, 1, '2018-04-14 23:31:22', '2018-04-14 17:31:22', 'tima', NULL),
	(180, 'Erin', 'Brost', 1, 1, '2018-04-14 23:31:28', '2018-04-14 17:31:28', 'tima', NULL),
	(181, 'Sarah', 'Bullock', 1, 1, '2018-04-14 23:31:33', '2018-04-14 17:31:33', 'tima', NULL),
	(182, 'Stephanie', 'Castiello', 1, 1, '2018-04-14 23:31:46', '2018-04-14 17:31:46', 'tima', NULL),
	(183, 'Kirstyn', 'Docherty', 1, 1, '2018-04-14 23:31:55', '2018-04-14 17:31:55', 'tima', NULL),
	(184, 'Robin', 'Donaldson', 1, 1, '2018-04-14 23:32:03', '2018-04-14 17:32:03', 'tima', NULL),
	(185, 'Leanne', 'Falvi', 1, 1, '2018-04-14 23:32:08', '2018-04-14 17:32:08', 'tima', NULL),
	(186, 'Krystal', 'Freeman', 1, 1, '2018-04-14 23:32:14', '2018-04-14 17:32:14', 'tima', NULL),
	(187, 'Jocelyn', 'Gale', 1, 1, '2018-04-14 23:32:20', '2018-04-14 17:32:20', 'tima', NULL),
	(188, 'Reta', 'Jenken', 1, 1, '2018-04-14 23:32:28', '2018-04-14 17:32:28', 'tima', NULL),
	(189, 'Bobby', 'Johnston', 1, 1, '2018-04-14 23:32:37', '2018-04-14 17:32:37', 'tima', NULL),
	(190, 'Sarah', 'Korcsmaros', 1, 1, '2018-04-14 23:32:45', '2018-04-14 17:32:45', 'tima', NULL),
	(191, 'Jennifer', 'Martinez-Matugas', 1, 1, '2018-04-14 23:32:57', '2018-04-14 17:32:57', 'tima', NULL),
	(192, 'June', 'Munro', 1, 1, '2018-04-14 23:33:03', '2018-04-14 17:33:03', 'tima', NULL),
	(193, 'Andrea', 'Niven', 1, 1, '2018-04-14 23:33:08', '2018-04-14 17:33:08', 'tima', NULL),
	(194, 'Beth', 'Parsons-Blackburn', 1, 1, '2018-04-14 23:33:16', '2018-04-14 17:33:16', 'tima', NULL),
	(196, 'Jeff', 'Scott', 1, 1, '2018-04-14 23:33:33', '2018-04-14 17:33:33', 'tima', NULL),
	(198, 'Jennifer', 'Tanner', 1, 1, '2018-04-14 23:37:53', '2018-04-14 17:37:53', 'tima', NULL),
	(199, 'Michelle', 'Terpstra', 1, 1, '2018-04-14 23:38:02', '2018-04-14 17:38:02', 'tima', NULL),
	(200, 'Megan', 'Vine', 1, 1, '2018-04-14 23:38:07', '2018-04-14 17:38:07', 'tima', NULL),
	(201, 'Nicole', 'Wiebe', 1, 1, '2018-04-14 23:38:18', '2018-04-14 17:38:18', 'tima', NULL),
	(202, 'Corlette', 'Abad', 1, 1, '2018-04-14 23:38:24', '2018-04-14 17:38:24', 'tima', NULL),
	(203, 'Nadene', 'Adie', 1, 1, '2018-04-14 23:38:28', '2018-04-14 17:38:28', 'tima', NULL),
	(204, 'Janine', 'Barmby', 1, 1, '2018-04-14 23:38:35', '2018-04-14 17:38:35', 'tima', NULL),
	(205, 'Megan', 'Bradley', 1, 1, '2018-04-14 23:38:40', '2018-04-14 17:38:40', 'tima', NULL),
	(206, 'Heather', 'Cohrs', 1, 1, '2018-04-14 23:38:47', '2018-04-14 17:38:47', 'tima', NULL),
	(207, 'Jacqueline', 'Comeau', 1, 1, '2018-04-14 23:38:57', '2018-04-14 17:38:57', 'tima', NULL),
	(208, 'Sean', 'Elliot', 1, 1, '2018-04-14 23:39:06', '2018-04-14 17:39:06', 'tima', NULL),
	(209, 'Christine', 'Fantuz', 1, 1, '2018-04-14 23:39:12', '2018-04-14 17:39:12', 'tima', NULL),
	(210, 'Joan', 'Harris', 1, 1, '2018-04-14 23:39:17', '2018-04-14 17:39:17', 'tima', NULL),
	(211, 'Jean', 'Jordan', 1, 1, '2018-04-14 23:39:21', '2018-04-14 17:39:21', 'tima', NULL),
	(212, 'Christine', 'Nguyen', 1, 1, '2018-04-14 23:39:28', '2018-04-14 17:39:28', 'tima', NULL),
	(213, 'Sunil', 'Pouloose', 1, 1, '2018-04-14 23:39:36', '2018-04-14 17:39:36', 'tima', NULL),
	(214, 'Susan', 'Seekings', 1, 1, '2018-04-14 23:39:42', '2018-04-14 17:39:42', 'tima', NULL),
	(215, 'Michelle', 'Sexsmith', 1, 1, '2018-04-14 23:39:49', '2018-04-14 17:39:49', 'tima', NULL),
	(216, 'Jennifer', 'Watson', 1, 1, '2018-04-14 23:39:55', '2018-04-14 17:39:55', 'tima', NULL),
	(217, 'Genevieve', 'Wheeler', 1, 1, '2018-04-14 23:40:03', '2018-04-14 17:40:03', 'tima', NULL),
	(218, 'Jana', 'Whitehead', 1, 1, '2018-04-14 23:40:10', '2018-04-14 17:40:10', 'tima', NULL),
	(219, 'Michael', 'Aspinall', 5, 1, '2018-04-16 07:53:51', '2018-04-16 07:53:51', 'tima', NULL),
	(220, 'Cori', 'Benstad', 5, 1, '2018-04-16 07:53:58', '2018-04-16 07:53:58', 'tima', NULL),
	(221, 'Kenneth', 'Boniface', 1, 1, '2018-04-16 07:54:09', '2018-04-16 07:54:09', 'tima', NULL),
	(222, 'Avegaile', 'Cantuba', 5, 1, '2018-04-16 07:54:25', '2018-04-16 07:54:25', 'tima', NULL),
	(223, 'Jordan', 'Carlton', 5, 1, '2018-04-16 07:54:32', '2018-04-16 07:54:32', 'tima', NULL),
	(224, 'Melanie', 'De Lion', 5, 1, '2018-04-16 07:54:43', '2018-04-16 07:54:43', 'tima', NULL),
	(225, 'Frances', 'Perez', 5, 1, '2018-04-16 07:54:52', '2018-04-16 07:54:52', 'tima', NULL),
	(226, 'Amber', 'Robbie', 5, 1, '2018-04-16 07:54:58', '2018-04-16 07:54:58', 'tima', NULL),
	(227, 'Wesley', 'Roberts', 5, 1, '2018-04-16 07:55:05', '2018-04-16 07:55:05', 'tima', NULL),
	(228, 'Alfred', 'Schmidtke', 5, 1, '2018-04-16 07:55:14', '2018-04-16 07:55:14', 'tima', NULL),
	(230, 'Chanelle', 'Baggio', 3, 1, '2018-04-16 07:55:41', '2018-04-16 07:55:41', 'tima', NULL),
	(231, 'Sarah', 'Baudais', 3, 1, '2018-04-16 07:55:59', '2018-04-16 07:55:59', 'tima', NULL),
	(232, 'Krista', 'Boese', 3, 1, '2018-04-16 07:56:17', '2018-04-16 07:56:17', 'tima', NULL),
	(233, 'Kelsey', 'Chomistek', 3, 1, '2018-04-16 07:56:26', '2018-04-16 07:56:26', 'tima', NULL),
	(234, 'Teya', 'Cormick', 3, 1, '2018-04-16 07:56:33', '2018-04-16 07:56:33', 'tima', NULL),
	(235, 'Marian', 'Gartner', 3, 1, '2018-04-16 07:56:40', '2018-04-16 07:56:40', 'tima', NULL),
	(237, 'Jennifer', 'Luu', 3, 1, '2018-04-16 07:56:58', '2018-04-16 07:56:58', 'tima', NULL),
	(238, 'Tracey', 'Thompson', 3, 1, '2018-04-16 07:57:18', '2018-04-16 07:57:18', 'tima', NULL),
	(239, 'Joanne', 'Willment', 3, 1, '2018-04-16 07:57:29', '2018-04-16 07:57:29', 'tima', NULL),
	(240, 'Annalise', 'Woertman', 3, 1, '2018-04-16 07:57:40', '2018-04-16 07:57:40', 'tima', NULL),
	(241, 'Cathy', 'Zagar', 3, 1, '2018-04-16 07:57:45', '2018-04-16 07:57:45', 'tima', NULL),
	(242, 'Sandy', 'Manuel', 1, 1, '2018-04-16 07:58:02', '2018-04-16 07:58:02', 'tima', NULL),
	(243, 'Laura', 'Robinson', 1, 1, '2018-04-16 07:58:07', '2018-04-16 07:58:07', 'tima', NULL),
	(244, 'Susan', 'Gerritsen', 1, 1, '2018-04-16 07:58:15', '2018-04-16 07:58:15', 'tima', NULL),
	(245, 'Victorine', 'Kabongo', 1, 1, '2018-06-18 13:28:30', '2018-06-18 13:28:30', 'tima', NULL),
	(246, 'Ken', 'Boniface', 5, 1, '2018-06-18 13:29:09', '2018-06-18 13:29:09', 'tima', NULL),
	(247, 'Katelyn (Katie)', 'Lohse', 1, 1, '2018-06-19 15:11:02', '2018-06-19 23:46:10', 'tima', NULL),
	(248, 'Mara', 'Mansfield', 3, 1, '2018-06-19 15:22:58', '2018-06-19 15:23:13', 'tima', 'tima'),
	(249, 'Krista', 'McKitrick', 1, 1, '2018-06-19 15:36:22', '2018-06-19 15:36:22', 'tima', NULL);
/*!40000 ALTER TABLE `staff_members` ENABLE KEYS */;

-- Dumping structure for table tracker.users
DROP TABLE IF EXISTS `users`;
CREATE TABLE IF NOT EXISTS `users` (
  `id` int(11) NOT NULL AUTO_INCREMENT,
  `username` varchar(255) NOT NULL,
  `password` varchar(255) NOT NULL,
  `active` tinyint(1) NOT NULL DEFAULT 1,
  `admin` tinyint(1) NOT NULL DEFAULT 0,
  `date_created` datetime NOT NULL DEFAULT current_timestamp(),
  `date_updated` timestamp NOT NULL DEFAULT current_timestamp() ON UPDATE current_timestamp(),
  `created_by` varchar(255) NOT NULL,
  `updated_by` varchar(255) DEFAULT NULL,
  PRIMARY KEY (`id`),
  UNIQUE KEY `username` (`username`)
) ENGINE=InnoDB AUTO_INCREMENT=32 DEFAULT CHARSET=utf8;

-- Dumping data for table tracker.users: ~3 rows (approximately)
DELETE FROM `users`;
/*!40000 ALTER TABLE `users` DISABLE KEYS */;
INSERT INTO `users` (`id`, `username`, `password`, `active`, `admin`, `date_created`, `date_updated`, `created_by`, `updated_by`) VALUES
	(20, 'tima', '$2y$10$DPrHttiNIK4MrzJ/vKEHHemikdaCBYsKVWTYbHRuuRjfK/mlNnaPK', 1, 1, '2018-03-08 22:44:00', '2018-04-03 13:58:15', 'root', 'tima'),
	(21, 'root', '$2y$10$ihTu/fbECLvGkZR4bqIla.zyGCljlcdfwsDI5.JHJBTMQNZaEKip6', 1, 1, '2018-03-08 23:27:01', '2018-03-08 16:27:01', 'root', NULL),
	(31, 'danc', '$2y$10$xUoJnjQ/KVy1Qdik1ZHzK.i49JuJT4QK/ycbrPtDMNj.qhqCYzm7W', 1, 0, '2018-04-05 00:04:13', '2018-04-07 18:40:22', 'tima', 'tima');
/*!40000 ALTER TABLE `users` ENABLE KEYS */;

/*!40101 SET SQL_MODE=IFNULL(@OLD_SQL_MODE, '') */;
/*!40014 SET FOREIGN_KEY_CHECKS=IF(@OLD_FOREIGN_KEY_CHECKS IS NULL, 1, @OLD_FOREIGN_KEY_CHECKS) */;
/*!40101 SET CHARACTER_SET_CLIENT=@OLD_CHARACTER_SET_CLIENT */;
