-- --------------------------------------------------------
-- Host:                         127.0.0.1
-- Server version:               10.2.14-MariaDB - mariadb.org binary distribution
-- Server OS:                    Win64
-- HeidiSQL Version:             9.4.0.5125
-- --------------------------------------------------------

/*!40101 SET @OLD_CHARACTER_SET_CLIENT=@@CHARACTER_SET_CLIENT */;
/*!40101 SET NAMES utf8 */;
/*!50503 SET NAMES utf8mb4 */;
/*!40014 SET @OLD_FOREIGN_KEY_CHECKS=@@FOREIGN_KEY_CHECKS, FOREIGN_KEY_CHECKS=0 */;
/*!40101 SET @OLD_SQL_MODE=@@SQL_MODE, SQL_MODE='NO_AUTO_VALUE_ON_ZERO' */;

-- Dumping structure for table tracker.assignments
DROP TABLE IF EXISTS `assignments`;
CREATE TABLE IF NOT EXISTS `assignments` (
  `id` int(11) NOT NULL AUTO_INCREMENT,
  `name` varchar(255) NOT NULL,
  `date_created` datetime NOT NULL DEFAULT current_timestamp(),
  `date_updated` timestamp NOT NULL DEFAULT current_timestamp() ON UPDATE current_timestamp(),
  PRIMARY KEY (`id`),
  UNIQUE KEY `name` (`name`)
) ENGINE=InnoDB AUTO_INCREMENT=35 DEFAULT CHARSET=utf8;

-- Dumping data for table tracker.assignments: ~7 rows (approximately)
DELETE FROM `assignments`;
/*!40000 ALTER TABLE `assignments` DISABLE KEYS */;
INSERT INTO `assignments` (`id`, `name`, `date_created`, `date_updated`) VALUES
	(26, 'A', '2018-03-07 22:55:14', '2018-03-07 15:55:14'),
	(27, 'B', '2018-03-07 22:55:22', '2018-03-07 15:55:22'),
	(28, 'C', '2018-03-07 22:55:38', '2018-03-07 15:55:38'),
	(29, 'A/B', '2018-03-07 22:55:46', '2018-03-07 15:55:46'),
	(30, 'B/C', '2018-03-07 22:55:58', '2018-03-07 15:55:58'),
	(31, 'A/B/C', '2018-03-07 22:56:08', '2018-03-07 15:56:08'),
	(32, 'float', '2018-03-07 22:56:18', '2018-03-07 15:56:18');
/*!40000 ALTER TABLE `assignments` ENABLE KEYS */;

-- Dumping structure for table tracker.categories
DROP TABLE IF EXISTS `categories`;
CREATE TABLE IF NOT EXISTS `categories` (
  `id` int(11) NOT NULL AUTO_INCREMENT,
  `name` varchar(255) NOT NULL,
  `date_created` datetime NOT NULL DEFAULT current_timestamp(),
  `date_updated` timestamp NOT NULL DEFAULT current_timestamp() ON UPDATE current_timestamp(),
  PRIMARY KEY (`id`),
  UNIQUE KEY `name` (`name`)
) ENGINE=InnoDB AUTO_INCREMENT=20 DEFAULT CHARSET=utf8;

-- Dumping data for table tracker.categories: ~4 rows (approximately)
DELETE FROM `categories`;
/*!40000 ALTER TABLE `categories` DISABLE KEYS */;
INSERT INTO `categories` (`id`, `name`, `date_created`, `date_updated`) VALUES
	(1, 'RN', '2014-06-01 00:35:07', '2014-05-30 11:34:33'),
	(2, 'LPN', '2014-06-01 00:35:07', '2014-05-30 11:34:33'),
	(3, 'UC', '2014-06-01 00:35:07', '2014-05-30 11:34:54'),
	(5, 'NA', '2014-06-02 00:35:08', '2016-01-08 06:27:26');
/*!40000 ALTER TABLE `categories` ENABLE KEYS */;

-- Dumping structure for table tracker.mods
DROP TABLE IF EXISTS `mods`;
CREATE TABLE IF NOT EXISTS `mods` (
  `id` int(11) NOT NULL AUTO_INCREMENT,
  `name` varchar(255) NOT NULL,
  `display` varchar(50) NOT NULL,
  `description` varchar(255) DEFAULT NULL,
  `date_created` datetime NOT NULL DEFAULT current_timestamp(),
  `date_updated` timestamp NOT NULL DEFAULT current_timestamp() ON UPDATE current_timestamp(),
  PRIMARY KEY (`id`),
  UNIQUE KEY `name` (`name`)
) ENGINE=InnoDB AUTO_INCREMENT=28 DEFAULT CHARSET=utf8;

-- Dumping data for table tracker.mods: ~8 rows (approximately)
DELETE FROM `mods`;
/*!40000 ALTER TABLE `mods` DISABLE KEYS */;
INSERT INTO `mods` (`id`, `name`, `display`, `description`, `date_created`, `date_updated`) VALUES
	(19, 'burn', 'Burn', 'Assigned a patient with burn dressings.', '2018-03-07 08:48:00', '2018-04-10 03:18:08'),
	(20, 'evd', 'EVD', 'Assigned a patient with an EVD', '2018-03-07 08:48:00', '2018-04-10 03:19:36'),
	(21, 'crrt', 'CRRT', 'Assigned a CRRT', '2018-03-07 08:48:00', '2018-04-10 03:19:51'),
	(22, 'vent', 'Vent', 'Assigned a ventilated patient', '2018-03-07 08:48:00', '2018-04-10 03:20:27'),
	(23, 'double', 'Double', 'Assignment consisted of more than one patient.', '2018-03-07 08:48:00', '2018-04-10 03:20:43'),
	(24, 'admit', 'Admit', 'Admitted a patient during the shift.', '2018-03-07 08:48:00', '2018-04-10 03:20:59'),
	(25, 'codes', 'Code Pager', 'Assigned to the code blue reponse team.', '2018-03-07 08:48:00', '2018-04-10 03:21:29'),
	(27, 'vsick', 'Very Sick', 'Assigned a very sick patient (more than 3 IV infusions)', '2018-04-10 09:14:59', '2018-04-10 03:21:57');
/*!40000 ALTER TABLE `mods` ENABLE KEYS */;

-- Dumping structure for table tracker.roles
DROP TABLE IF EXISTS `roles`;
CREATE TABLE IF NOT EXISTS `roles` (
  `id` int(11) NOT NULL AUTO_INCREMENT,
  `name` varchar(255) NOT NULL,
  `date_created` datetime NOT NULL DEFAULT current_timestamp(),
  `date_updated` timestamp NOT NULL DEFAULT current_timestamp() ON UPDATE current_timestamp(),
  PRIMARY KEY (`id`),
  UNIQUE KEY `name` (`name`)
) ENGINE=InnoDB AUTO_INCREMENT=20 DEFAULT CHARSET=utf8;

-- Dumping data for table tracker.roles: ~6 rows (approximately)
DELETE FROM `roles`;
/*!40000 ALTER TABLE `roles` DISABLE KEYS */;
INSERT INTO `roles` (`id`, `name`, `date_created`, `date_updated`) VALUES
	(1, 'bedside', '2018-03-06 23:23:10', '2018-03-06 16:27:59'),
	(2, 'charge', '2018-03-06 23:23:10', '2018-03-06 16:27:59'),
	(3, 'clinician', '2018-03-06 23:23:10', '2018-03-06 16:27:59'),
	(4, 'nursing attendant', '2018-03-06 23:23:10', '2018-03-06 16:27:59'),
	(5, 'outreach', '2018-03-06 23:23:10', '2018-03-06 16:27:59'),
	(6, 'unit clerk', '2018-03-06 23:23:10', '2018-03-06 16:27:59');
/*!40000 ALTER TABLE `roles` ENABLE KEYS */;

-- Dumping structure for table tracker.shifts
DROP TABLE IF EXISTS `shifts`;
CREATE TABLE IF NOT EXISTS `shifts` (
  `id` int(11) NOT NULL AUTO_INCREMENT,
  `shift_date` date NOT NULL,
  `shift_d_or_n` varchar(1) NOT NULL,
  `staff_id` int(11) NOT NULL,
  `role_id` int(11) NOT NULL,
  `assignment_id` int(11) NOT NULL,
  `date_created` datetime NOT NULL DEFAULT current_timestamp(),
  `date_updated` timestamp NOT NULL DEFAULT current_timestamp() ON UPDATE current_timestamp(),
  `created_by` varchar(255) NOT NULL,
  `updated_by` varchar(255) DEFAULT NULL,
  PRIMARY KEY (`id`),
  UNIQUE KEY `uq_staff_shift` (`shift_date`,`staff_id`),
  KEY `shifts_ibfk_1` (`staff_id`),
  KEY `shifts_ibfk_2` (`role_id`),
  KEY `shifts_ibfk_3` (`assignment_id`),
  CONSTRAINT `shifts_ibfk_1` FOREIGN KEY (`staff_id`) REFERENCES `staff_members` (`id`) ON DELETE CASCADE ON UPDATE CASCADE,
  CONSTRAINT `shifts_ibfk_2` FOREIGN KEY (`role_id`) REFERENCES `roles` (`id`) ON UPDATE CASCADE,
  CONSTRAINT `shifts_ibfk_3` FOREIGN KEY (`assignment_id`) REFERENCES `assignments` (`id`) ON UPDATE CASCADE
) ENGINE=InnoDB AUTO_INCREMENT=246 DEFAULT CHARSET=utf8;

-- Dumping data for table tracker.shifts: ~95 rows (approximately)
DELETE FROM `shifts`;
/*!40000 ALTER TABLE `shifts` DISABLE KEYS */;
INSERT INTO `shifts` (`id`, `shift_date`, `shift_d_or_n`, `staff_id`, `role_id`, `assignment_id`, `date_created`, `date_updated`, `created_by`, `updated_by`) VALUES
	(21, '2018-03-15', 'N', 21, 1, 28, '2018-03-12 21:21:22', '2018-03-22 02:32:08', 'tima', NULL),
	(68, '2018-04-14', 'D', 73, 5, 32, '2018-04-14 23:27:22', '2018-04-14 17:27:22', 'tima', NULL),
	(69, '2018-04-14', 'D', 102, 6, 26, '2018-04-14 23:27:23', '2018-04-14 17:27:23', 'tima', NULL),
	(70, '2018-04-14', 'D', 72, 4, 26, '2018-04-14 23:27:23', '2018-04-14 17:27:23', 'tima', NULL),
	(71, '2018-04-14', 'D', 30, 6, 27, '2018-04-14 23:27:23', '2018-04-14 17:27:23', 'tima', NULL),
	(72, '2018-04-14', 'D', 19, 3, 29, '2018-04-14 23:27:23', '2018-04-14 17:27:23', 'tima', NULL),
	(73, '2018-04-14', 'D', 32, 4, 27, '2018-04-14 23:27:23', '2018-04-14 17:27:23', 'tima', NULL),
	(74, '2018-04-14', 'D', 57, 6, 27, '2018-04-14 23:27:23', '2018-04-14 17:27:23', 'tima', NULL),
	(75, '2018-04-14', 'D', 56, 6, 28, '2018-04-14 23:27:24', '2018-04-14 17:27:24', 'tima', NULL),
	(76, '2018-04-14', 'D', 33, 1, 26, '2018-04-14 23:27:24', '2018-04-14 17:27:24', 'tima', NULL),
	(77, '2018-04-14', 'D', 38, 1, 26, '2018-04-14 23:27:24', '2018-04-14 17:27:24', 'tima', NULL),
	(78, '2018-04-14', 'D', 42, 1, 27, '2018-04-14 23:27:24', '2018-04-14 17:27:24', 'tima', NULL),
	(79, '2018-04-14', 'D', 39, 1, 26, '2018-04-14 23:27:24', '2018-04-14 17:27:24', 'tima', NULL),
	(80, '2018-04-14', 'D', 46, 1, 28, '2018-04-14 23:27:24', '2018-04-14 17:27:24', 'tima', NULL),
	(81, '2018-04-14', 'D', 48, 1, 28, '2018-04-14 23:27:24', '2018-04-14 17:27:24', 'tima', NULL),
	(82, '2018-04-14', 'D', 49, 1, 28, '2018-04-14 23:27:24', '2018-04-14 17:27:24', 'tima', NULL),
	(83, '2018-04-14', 'D', 45, 1, 27, '2018-04-14 23:27:24', '2018-04-14 17:27:24', 'tima', NULL),
	(84, '2018-04-14', 'D', 47, 1, 28, '2018-04-14 23:27:25', '2018-04-14 17:27:25', 'tima', NULL),
	(85, '2018-04-14', 'D', 51, 1, 28, '2018-04-14 23:27:25', '2018-04-14 17:27:25', 'tima', NULL),
	(86, '2018-04-14', 'D', 50, 1, 28, '2018-04-14 23:27:25', '2018-04-14 17:27:25', 'tima', NULL),
	(87, '2018-04-14', 'D', 60, 1, 27, '2018-04-14 23:27:25', '2018-04-14 17:27:25', 'tima', NULL),
	(88, '2018-04-14', 'D', 53, 1, 28, '2018-04-14 23:27:25', '2018-04-14 17:27:25', 'tima', NULL),
	(89, '2018-04-14', 'D', 61, 1, 27, '2018-04-14 23:27:25', '2018-04-14 17:27:25', 'tima', NULL),
	(90, '2018-04-14', 'D', 63, 1, 28, '2018-04-14 23:27:25', '2018-04-14 17:27:25', 'tima', NULL),
	(91, '2018-04-14', 'D', 65, 1, 26, '2018-04-14 23:27:25', '2018-04-14 17:27:25', 'tima', NULL),
	(92, '2018-04-14', 'D', 64, 1, 28, '2018-04-14 23:27:25', '2018-04-14 17:27:25', 'tima', NULL),
	(93, '2018-04-14', 'D', 62, 1, 28, '2018-04-14 23:27:25', '2018-04-14 17:27:25', 'tima', NULL),
	(94, '2018-04-14', 'D', 66, 1, 26, '2018-04-14 23:27:25', '2018-04-14 17:27:25', 'tima', NULL),
	(95, '2018-04-14', 'D', 68, 1, 26, '2018-04-14 23:27:26', '2018-04-14 17:27:26', 'tima', NULL),
	(96, '2018-04-14', 'D', 67, 1, 26, '2018-04-14 23:27:26', '2018-04-14 17:27:26', 'tima', NULL),
	(97, '2018-04-14', 'D', 70, 1, 26, '2018-04-14 23:27:26', '2018-04-14 17:27:26', 'tima', NULL),
	(98, '2018-04-14', 'D', 69, 1, 26, '2018-04-14 23:27:26', '2018-04-14 17:27:26', 'tima', NULL),
	(100, '2018-04-14', 'D', 59, 2, 28, '2018-04-14 23:27:27', '2018-04-14 17:27:27', 'tima', NULL),
	(163, '2018-04-16', 'N', 171, 3, 31, '2018-04-16 14:15:59', '2018-04-16 14:15:59', 'tima', NULL),
	(164, '2018-04-16', 'N', 97, 5, 32, '2018-04-16 14:15:59', '2018-04-16 14:15:59', 'tima', NULL),
	(165, '2018-04-16', 'N', 99, 4, 26, '2018-04-16 14:15:59', '2018-04-16 14:15:59', 'tima', NULL),
	(166, '2018-04-16', 'N', 98, 4, 27, '2018-04-16 14:15:59', '2018-04-16 14:15:59', 'tima', NULL),
	(167, '2018-04-16', 'N', 101, 6, 26, '2018-04-16 14:15:59', '2018-04-16 14:15:59', 'tima', NULL),
	(168, '2018-04-16', 'N', 100, 6, 28, '2018-04-16 14:15:59', '2018-04-16 14:15:59', 'tima', NULL),
	(169, '2018-04-16', 'N', 34, 1, 28, '2018-04-16 14:15:59', '2018-04-16 14:15:59', 'tima', NULL),
	(170, '2018-04-16', 'N', 40, 1, 26, '2018-04-16 14:15:59', '2018-04-16 14:15:59', 'tima', NULL),
	(171, '2018-04-16', 'N', 42, 1, 27, '2018-04-16 14:15:59', '2018-04-16 14:15:59', 'tima', NULL),
	(172, '2018-04-16', 'N', 44, 1, 26, '2018-04-16 14:15:59', '2018-04-16 14:15:59', 'tima', NULL),
	(173, '2018-04-16', 'N', 48, 1, 26, '2018-04-16 14:15:59', '2018-04-16 14:15:59', 'tima', NULL),
	(174, '2018-04-16', 'N', 49, 1, 28, '2018-04-16 14:15:59', '2018-04-16 14:15:59', 'tima', NULL),
	(175, '2018-04-16', 'N', 65, 1, 26, '2018-04-16 14:15:59', '2018-04-16 14:15:59', 'tima', NULL),
	(176, '2018-04-16', 'N', 76, 1, 28, '2018-04-16 14:15:59', '2018-04-16 14:15:59', 'tima', NULL),
	(177, '2018-04-16', 'N', 77, 1, 28, '2018-04-16 14:15:59', '2018-04-16 14:15:59', 'tima', NULL),
	(178, '2018-04-16', 'N', 80, 1, 26, '2018-04-16 14:15:59', '2018-04-16 14:15:59', 'tima', NULL),
	(179, '2018-04-16', 'N', 81, 1, 27, '2018-04-16 14:15:59', '2018-04-16 14:15:59', 'tima', NULL),
	(180, '2018-04-16', 'N', 82, 1, 27, '2018-04-16 14:15:59', '2018-04-16 14:15:59', 'tima', NULL),
	(181, '2018-04-16', 'N', 84, 1, 26, '2018-04-16 14:15:59', '2018-04-16 14:15:59', 'tima', NULL),
	(182, '2018-04-16', 'N', 86, 1, 28, '2018-04-16 14:15:59', '2018-04-16 14:15:59', 'tima', NULL),
	(183, '2018-04-16', 'N', 87, 1, 26, '2018-04-16 14:15:59', '2018-04-16 14:15:59', 'tima', NULL),
	(184, '2018-04-16', 'N', 89, 1, 27, '2018-04-16 14:15:59', '2018-04-16 14:15:59', 'tima', NULL),
	(185, '2018-04-16', 'N', 90, 1, 28, '2018-04-16 14:15:59', '2018-04-16 14:15:59', 'tima', NULL),
	(186, '2018-04-16', 'N', 95, 1, 28, '2018-04-16 14:15:59', '2018-04-16 14:15:59', 'tima', NULL),
	(187, '2018-04-16', 'N', 96, 1, 26, '2018-04-16 14:15:59', '2018-04-16 14:15:59', 'tima', NULL),
	(188, '2018-04-16', 'N', 103, 1, 28, '2018-04-16 14:15:59', '2018-04-16 14:15:59', 'tima', NULL),
	(189, '2018-04-16', 'N', 164, 1, 27, '2018-04-16 14:15:59', '2018-04-16 14:15:59', 'tima', NULL),
	(190, '2018-04-16', 'N', 172, 1, 28, '2018-04-16 14:15:59', '2018-04-16 14:15:59', 'tima', NULL),
	(191, '2018-04-16', 'N', 173, 1, 26, '2018-04-16 14:15:59', '2018-04-16 14:15:59', 'tima', NULL),
	(192, '2018-04-16', 'N', 215, 1, 28, '2018-04-16 14:15:59', '2018-04-16 14:15:59', 'tima', NULL),
	(193, '2018-04-15', 'D', 19, 3, 29, '2018-04-16 14:37:51', '2018-04-16 14:37:51', 'tima', NULL),
	(194, '2018-04-15', 'D', 59, 2, 28, '2018-04-16 14:37:51', '2018-04-16 14:37:51', 'tima', NULL),
	(195, '2018-04-15', 'D', 73, 5, 32, '2018-04-16 14:37:51', '2018-04-16 14:37:51', 'tima', NULL),
	(196, '2018-04-15', 'D', 72, 4, 26, '2018-04-16 14:37:51', '2018-04-16 14:37:51', 'tima', NULL),
	(197, '2018-04-15', 'D', 54, 4, 27, '2018-04-16 14:37:51', '2018-04-16 14:37:51', 'tima', NULL),
	(198, '2018-04-15', 'D', 102, 6, 26, '2018-04-16 14:37:51', '2018-04-16 14:37:51', 'tima', NULL),
	(199, '2018-04-15', 'D', 30, 6, 27, '2018-04-16 14:37:51', '2018-04-16 14:37:51', 'tima', NULL),
	(200, '2018-04-15', 'D', 56, 6, 28, '2018-04-16 14:37:51', '2018-04-16 14:37:51', 'tima', NULL),
	(201, '2018-04-15', 'D', 57, 6, 26, '2018-04-16 14:37:51', '2018-04-16 14:37:51', 'tima', NULL),
	(202, '2018-04-15', 'D', 33, 1, 26, '2018-04-16 14:37:51', '2018-04-16 14:37:51', 'tima', NULL),
	(203, '2018-04-15', 'D', 35, 1, 26, '2018-04-16 14:37:51', '2018-04-16 14:37:51', 'tima', NULL),
	(204, '2018-04-15', 'D', 38, 1, 26, '2018-04-16 14:37:51', '2018-04-16 14:37:51', 'tima', NULL),
	(205, '2018-04-15', 'D', 45, 1, 27, '2018-04-16 14:37:51', '2018-04-16 14:37:51', 'tima', NULL),
	(206, '2018-04-15', 'D', 46, 1, 28, '2018-04-16 14:37:51', '2018-04-16 14:37:51', 'tima', NULL),
	(207, '2018-04-15', 'D', 47, 1, 28, '2018-04-16 14:37:51', '2018-04-16 14:37:51', 'tima', NULL),
	(208, '2018-04-15', 'D', 50, 1, 28, '2018-04-16 14:37:51', '2018-04-16 14:37:51', 'tima', NULL),
	(209, '2018-04-15', 'D', 51, 1, 28, '2018-04-16 14:37:51', '2018-04-16 14:37:51', 'tima', NULL),
	(210, '2018-04-15', 'D', 53, 1, 28, '2018-04-16 14:37:51', '2018-04-16 14:37:51', 'tima', NULL),
	(211, '2018-04-15', 'D', 60, 1, 27, '2018-04-16 14:37:51', '2018-04-16 14:37:51', 'tima', NULL),
	(212, '2018-04-15', 'D', 61, 1, 27, '2018-04-16 14:37:51', '2018-04-16 14:37:51', 'tima', NULL),
	(213, '2018-04-15', 'D', 62, 1, 28, '2018-04-16 14:37:51', '2018-04-16 14:37:51', 'tima', NULL),
	(214, '2018-04-15', 'D', 63, 1, 26, '2018-04-16 14:37:52', '2018-04-16 14:37:52', 'tima', NULL),
	(215, '2018-04-15', 'D', 64, 1, 28, '2018-04-16 14:37:52', '2018-04-16 14:37:52', 'tima', NULL),
	(216, '2018-04-15', 'D', 67, 1, 26, '2018-04-16 14:37:52', '2018-04-16 14:37:52', 'tima', NULL),
	(217, '2018-04-15', 'D', 68, 1, 26, '2018-04-16 14:37:52', '2018-04-16 14:37:52', 'tima', NULL),
	(218, '2018-04-15', 'D', 69, 1, 26, '2018-04-16 14:37:52', '2018-04-16 14:37:52', 'tima', NULL),
	(219, '2018-04-15', 'D', 70, 1, 28, '2018-04-16 14:37:52', '2018-04-16 14:37:52', 'tima', NULL),
	(220, '2018-04-15', 'D', 118, 1, 26, '2018-04-16 14:37:52', '2018-04-16 14:37:52', 'tima', NULL),
	(221, '2018-04-15', 'D', 137, 1, 27, '2018-04-16 14:37:52', '2018-04-16 14:37:52', 'tima', NULL),
	(222, '2018-04-15', 'D', 160, 1, 28, '2018-04-16 14:37:52', '2018-04-16 14:37:52', 'tima', NULL),
	(223, '2018-04-15', 'D', 175, 1, 28, '2018-04-16 14:37:52', '2018-04-16 14:37:52', 'tima', NULL),
	(235, '2018-04-18', 'N', 104, 3, 31, '2018-04-18 15:20:19', '2018-04-18 15:20:19', 'tima', NULL),
	(236, '2018-04-18', 'N', 97, 5, 32, '2018-04-18 15:20:19', '2018-04-18 15:20:19', 'tima', NULL),
	(237, '2018-04-18', 'N', 33, 1, 26, '2018-04-18 15:20:19', '2018-04-18 15:20:19', 'tima', NULL),
	(238, '2018-04-18', 'N', 38, 1, 26, '2018-04-18 15:20:19', '2018-04-18 15:20:19', 'tima', NULL),
	(239, '2018-04-18', 'N', 106, 1, 26, '2018-04-18 15:20:19', '2018-04-18 15:20:19', 'tima', NULL),
	(240, '2018-04-18', 'N', 111, 1, 26, '2018-04-18 15:20:19', '2018-04-18 15:20:19', 'tima', NULL),
	(241, '2018-04-18', 'N', 129, 1, 26, '2018-04-18 15:20:19', '2018-04-18 15:20:19', 'tima', NULL),
	(242, '2018-04-18', 'N', 140, 1, 26, '2018-04-18 15:20:19', '2018-04-18 15:20:19', 'tima', NULL),
	(243, '2018-04-18', 'N', 142, 1, 26, '2018-04-18 15:20:19', '2018-04-18 15:20:19', 'tima', NULL),
	(244, '2018-04-18', 'N', 161, 1, 26, '2018-04-18 15:20:19', '2018-04-18 15:20:19', 'tima', NULL),
	(245, '2018-04-18', 'N', 196, 1, 26, '2018-04-18 15:20:19', '2018-04-18 15:20:19', 'tima', NULL);
/*!40000 ALTER TABLE `shifts` ENABLE KEYS */;

-- Dumping structure for table tracker.shift_to_mod
DROP TABLE IF EXISTS `shift_to_mod`;
CREATE TABLE IF NOT EXISTS `shift_to_mod` (
  `id` int(11) NOT NULL AUTO_INCREMENT,
  `shift_id` int(11) NOT NULL,
  `mod_id` int(11) NOT NULL,
  `date_created` datetime NOT NULL DEFAULT current_timestamp(),
  `date_updated` timestamp NOT NULL DEFAULT current_timestamp() ON UPDATE current_timestamp(),
  PRIMARY KEY (`id`),
  UNIQUE KEY `uq_shift_mod` (`shift_id`,`mod_id`),
  KEY `fk_mod_id` (`mod_id`),
  CONSTRAINT `fk_mod_id` FOREIGN KEY (`mod_id`) REFERENCES `mods` (`id`) ON DELETE CASCADE ON UPDATE CASCADE,
  CONSTRAINT `fk_shift_id` FOREIGN KEY (`shift_id`) REFERENCES `shifts` (`id`) ON DELETE CASCADE ON UPDATE CASCADE
) ENGINE=InnoDB AUTO_INCREMENT=113 DEFAULT CHARSET=utf8;

-- Dumping data for table tracker.shift_to_mod: ~37 rows (approximately)
DELETE FROM `shift_to_mod`;
/*!40000 ALTER TABLE `shift_to_mod` DISABLE KEYS */;
INSERT INTO `shift_to_mod` (`id`, `shift_id`, `mod_id`, `date_created`, `date_updated`) VALUES
	(35, 21, 25, '2018-03-22 08:55:07', '2018-03-22 02:55:07'),
	(40, 21, 20, '2018-03-22 08:58:12', '2018-03-22 02:58:12'),
	(70, 76, 23, '2018-04-14 23:27:24', '2018-04-14 17:27:24'),
	(71, 82, 23, '2018-04-14 23:27:24', '2018-04-14 17:27:24'),
	(72, 83, 23, '2018-04-14 23:27:24', '2018-04-14 17:27:24'),
	(73, 86, 25, '2018-04-14 23:27:25', '2018-04-14 17:27:25'),
	(74, 87, 25, '2018-04-14 23:27:25', '2018-04-14 17:27:25'),
	(75, 91, 24, '2018-04-14 23:27:25', '2018-04-14 17:27:25'),
	(76, 91, 23, '2018-04-14 23:27:25', '2018-04-14 17:27:25'),
	(77, 97, 25, '2018-04-14 23:27:26', '2018-04-14 17:27:26'),
	(78, 171, 25, '2018-04-16 14:15:59', '2018-04-16 14:15:59'),
	(79, 175, 25, '2018-04-16 14:15:59', '2018-04-16 14:15:59'),
	(80, 181, 24, '2018-04-16 14:15:59', '2018-04-16 14:15:59'),
	(81, 181, 23, '2018-04-16 14:15:59', '2018-04-16 14:15:59'),
	(82, 182, 20, '2018-04-16 14:15:59', '2018-04-16 14:15:59'),
	(83, 184, 23, '2018-04-16 14:15:59', '2018-04-16 14:15:59'),
	(84, 186, 23, '2018-04-16 14:15:59', '2018-04-16 14:15:59'),
	(85, 188, 20, '2018-04-16 14:15:59', '2018-04-16 14:15:59'),
	(86, 189, 23, '2018-04-16 14:15:59', '2018-04-16 14:15:59'),
	(87, 190, 25, '2018-04-16 14:15:59', '2018-04-16 14:15:59'),
	(88, 191, 23, '2018-04-16 14:15:59', '2018-04-16 14:15:59'),
	(89, 202, 23, '2018-04-16 14:37:51', '2018-04-16 14:37:51'),
	(90, 205, 23, '2018-04-16 14:37:51', '2018-04-16 14:37:51'),
	(91, 207, 23, '2018-04-16 14:37:51', '2018-04-16 14:37:51'),
	(92, 208, 24, '2018-04-16 14:37:51', '2018-04-16 14:37:51'),
	(93, 208, 20, '2018-04-16 14:37:51', '2018-04-16 14:37:51'),
	(94, 210, 25, '2018-04-16 14:37:51', '2018-04-16 14:37:51'),
	(95, 211, 25, '2018-04-16 14:37:51', '2018-04-16 14:37:51'),
	(96, 212, 23, '2018-04-16 14:37:51', '2018-04-16 14:37:51'),
	(97, 218, 24, '2018-04-16 14:37:52', '2018-04-16 14:37:52'),
	(98, 219, 20, '2018-04-16 14:37:52', '2018-04-16 14:37:52'),
	(99, 220, 25, '2018-04-16 14:37:52', '2018-04-16 14:37:52'),
	(100, 208, 27, '2018-04-16 14:38:22', '2018-04-16 14:38:22'),
	(106, 238, 22, '2018-04-18 15:20:19', '2018-04-18 15:20:19'),
	(107, 239, 25, '2018-04-18 15:20:19', '2018-04-18 15:20:19'),
	(108, 239, 23, '2018-04-18 15:20:19', '2018-04-18 15:20:19'),
	(109, 240, 22, '2018-04-18 15:20:19', '2018-04-18 15:20:19'),
	(110, 241, 22, '2018-04-18 15:20:19', '2018-04-18 15:20:19'),
	(111, 244, 22, '2018-04-18 15:20:19', '2018-04-18 15:20:19'),
	(112, 245, 23, '2018-04-18 15:20:19', '2018-04-18 15:20:19');
/*!40000 ALTER TABLE `shift_to_mod` ENABLE KEYS */;

-- Dumping structure for table tracker.staff_members
DROP TABLE IF EXISTS `staff_members`;
CREATE TABLE IF NOT EXISTS `staff_members` (
  `id` int(11) NOT NULL AUTO_INCREMENT,
  `first_name` varchar(100) NOT NULL,
  `last_name` varchar(150) NOT NULL,
  `category_id` int(11) NOT NULL,
  `active` tinyint(1) NOT NULL DEFAULT 1,
  `date_created` datetime NOT NULL DEFAULT current_timestamp(),
  `date_updated` timestamp NOT NULL DEFAULT current_timestamp() ON UPDATE current_timestamp(),
  `created_by` varchar(255) NOT NULL,
  `updated_by` varchar(255) DEFAULT NULL,
  PRIMARY KEY (`id`),
  UNIQUE KEY `uq_name` (`first_name`,`last_name`),
  KEY `staff_members_ibfk_1` (`category_id`),
  CONSTRAINT `staff_members_ibfk_1` FOREIGN KEY (`category_id`) REFERENCES `categories` (`id`) ON UPDATE CASCADE
) ENGINE=InnoDB AUTO_INCREMENT=245 DEFAULT CHARSET=utf8;

-- Dumping data for table tracker.staff_members: ~201 rows (approximately)
DELETE FROM `staff_members`;
/*!40000 ALTER TABLE `staff_members` DISABLE KEYS */;
INSERT INTO `staff_members` (`id`, `first_name`, `last_name`, `category_id`, `active`, `date_created`, `date_updated`, `created_by`, `updated_by`) VALUES
	(19, 'Tim', 'Austin', 1, 1, '2018-03-09 14:00:13', '2018-03-24 09:55:57', 'tima', 'webuser'),
	(21, 'Dan', 'Cashen', 1, 1, '2018-03-12 21:20:23', '2018-03-12 15:20:23', 'tima', NULL),
	(29, 'Tanya', 'Harvey', 1, 1, '2018-04-10 17:08:08', '2018-04-10 11:08:08', 'tima', NULL),
	(30, 'Karen', 'Mosca', 3, 1, '2018-04-10 17:08:20', '2018-04-10 11:08:20', 'tima', NULL),
	(31, 'Leisa', 'Brown', 2, 1, '2018-04-13 17:52:44', '2018-04-13 11:52:44', 'tima', NULL),
	(32, 'Edith', 'Yorga', 5, 1, '2018-04-13 17:55:20', '2018-04-13 11:55:20', 'tima', NULL),
	(33, 'Sara', 'McAlduff', 1, 1, '2018-04-13 17:57:16', '2018-04-13 11:57:16', 'tima', NULL),
	(34, 'Nicole', 'De Greef', 1, 1, '2018-04-13 17:57:37', '2018-04-13 11:57:37', 'tima', NULL),
	(35, 'Dinu', 'Maligalispe', 1, 1, '2018-04-13 17:57:53', '2018-04-13 11:57:53', 'tima', NULL),
	(36, 'Heather', 'Kahl', 1, 1, '2018-04-13 17:58:03', '2018-04-13 11:58:03', 'tima', NULL),
	(37, 'Jason', 'Sartisan', 1, 1, '2018-04-13 17:58:23', '2018-04-13 11:58:23', 'tima', NULL),
	(38, 'Megan', 'Kelly', 1, 1, '2018-04-13 17:58:30', '2018-04-13 11:58:30', 'tima', NULL),
	(39, 'Shandell', 'Pickett', 1, 1, '2018-04-13 17:58:36', '2018-04-13 11:58:36', 'tima', NULL),
	(40, 'Aaron', 'Railton', 1, 1, '2018-04-13 17:58:56', '2018-04-13 11:58:56', 'tima', NULL),
	(41, 'Loren', 'Babb', 1, 1, '2018-04-13 18:02:54', '2018-04-13 12:02:54', 'tima', NULL),
	(42, 'Tyler', 'Hume', 1, 1, '2018-04-13 18:02:59', '2018-04-13 12:02:59', 'tima', NULL),
	(43, 'Tanya', 'Cottrell', 1, 1, '2018-04-13 18:03:08', '2018-04-13 12:03:08', 'tima', NULL),
	(44, 'Sue', 'Rose', 1, 1, '2018-04-13 18:03:12', '2018-04-13 12:03:12', 'tima', NULL),
	(45, 'Derek', 'Chute', 1, 1, '2018-04-13 18:03:16', '2018-04-13 12:03:16', 'tima', NULL),
	(46, 'Vanessa', 'Doiron', 1, 1, '2018-04-13 18:04:10', '2018-04-13 12:04:10', 'tima', NULL),
	(47, 'Carly', 'More', 1, 1, '2018-04-13 18:04:19', '2018-04-13 12:04:19', 'tima', NULL),
	(48, 'Erin', 'Tucci', 1, 1, '2018-04-13 18:04:23', '2018-04-13 12:04:23', 'tima', NULL),
	(49, 'Christine', 'Peterson', 1, 1, '2018-04-13 18:04:33', '2018-04-13 12:04:33', 'tima', NULL),
	(50, 'Paula', 'Mickelson', 1, 1, '2018-04-13 18:04:40', '2018-04-13 12:04:40', 'tima', NULL),
	(51, 'Charis', 'Stewart', 1, 1, '2018-04-13 18:05:18', '2018-04-13 12:05:18', 'tima', NULL),
	(52, 'Lauren', 'Campbell', 1, 1, '2018-04-13 18:05:24', '2018-04-13 12:05:24', 'tima', NULL),
	(53, 'Kelsey', 'Doorn', 1, 1, '2018-04-13 18:05:30', '2018-04-13 12:05:30', 'tima', NULL),
	(54, 'Jenny', 'Gutin', 5, 1, '2018-04-13 18:05:40', '2018-04-13 12:05:40', 'tima', NULL),
	(55, 'Reetha', 'Thomas', 5, 1, '2018-04-13 18:05:53', '2018-04-13 12:05:53', 'tima', NULL),
	(56, 'Karen', 'Owad', 3, 1, '2018-04-13 18:06:04', '2018-04-13 12:06:04', 'tima', NULL),
	(57, 'Devin', 'Queen', 3, 1, '2018-04-13 18:06:16', '2018-04-13 12:06:16', 'tima', NULL),
	(58, 'Sandra', 'Young', 1, 1, '2018-04-13 18:16:03', '2018-04-13 12:16:03', 'tima', NULL),
	(59, 'Alana', 'Fredericksen', 1, 1, '2018-04-13 18:16:10', '2018-04-13 12:16:10', 'tima', NULL),
	(60, 'Neil', 'Hermanson', 1, 1, '2018-04-14 13:25:01', '2018-04-14 07:25:01', 'tima', NULL),
	(61, 'Dan', 'Burridge', 1, 1, '2018-04-14 13:25:11', '2018-04-14 07:25:11', 'tima', NULL),
	(62, 'Lois', 'Coombs', 1, 1, '2018-04-14 13:25:23', '2018-04-14 07:25:23', 'tima', NULL),
	(63, 'Sheri', 'McKay', 1, 1, '2018-04-14 13:25:40', '2018-04-14 07:25:40', 'tima', NULL),
	(64, 'Van', 'Vu', 1, 1, '2018-04-14 13:26:06', '2018-04-14 07:26:06', 'tima', NULL),
	(65, 'Jeunine', 'Champagne', 1, 1, '2018-04-14 13:29:06', '2018-04-14 07:29:06', 'tima', NULL),
	(66, 'Sarah', 'Mann', 1, 1, '2018-04-14 13:29:16', '2018-04-14 07:29:16', 'tima', NULL),
	(67, 'Amber', 'Hughes', 1, 1, '2018-04-14 13:29:34', '2018-04-14 07:29:34', 'tima', NULL),
	(68, 'Sheena', 'Morton', 1, 1, '2018-04-14 13:29:48', '2018-04-14 07:29:48', 'tima', NULL),
	(69, 'Kathleen', 'Herbison', 1, 1, '2018-04-14 13:30:00', '2018-04-14 07:30:00', 'tima', NULL),
	(70, 'Brittany', 'Coughlin', 1, 1, '2018-04-14 13:30:12', '2018-04-14 07:30:12', 'tima', NULL),
	(71, 'Patricia (Patti)', 'Hayes', 5, 1, '2018-04-14 13:31:25', '2018-04-16 14:39:14', 'tima', 'tima'),
	(72, 'Jomi', 'Cabali', 5, 1, '2018-04-14 13:32:12', '2018-04-14 16:57:17', 'tima', 'tima'),
	(73, 'Gunnar', 'Everson', 1, 1, '2018-04-14 13:32:43', '2018-04-14 07:32:43', 'tima', NULL),
	(74, 'Whitney', 'Sullivan', 1, 1, '2018-04-14 22:48:57', '2018-04-14 16:48:57', 'tima', NULL),
	(75, 'Karlyn', 'Wolfe', 1, 1, '2018-04-14 22:49:13', '2018-04-14 16:49:13', 'tima', NULL),
	(76, 'Paige', 'Volante', 1, 1, '2018-04-14 22:49:25', '2018-04-14 16:49:25', 'tima', NULL),
	(77, 'Janice', 'Blackwood', 1, 1, '2018-04-14 22:49:40', '2018-04-14 16:49:40', 'tima', NULL),
	(78, 'Maggie', 'Mallet', 1, 1, '2018-04-14 22:49:55', '2018-04-14 16:49:55', 'tima', NULL),
	(79, 'Karla', 'Strobel', 1, 1, '2018-04-14 22:50:05', '2018-04-14 16:50:05', 'tima', NULL),
	(80, 'Lysa', 'Kornak', 1, 1, '2018-04-14 22:50:15', '2018-04-14 16:50:15', 'tima', NULL),
	(81, 'Jessica', 'Landry', 1, 1, '2018-04-14 22:50:26', '2018-04-14 16:50:26', 'tima', NULL),
	(82, 'Robin', 'Warwaruk-Rogers', 1, 1, '2018-04-14 22:50:48', '2018-04-14 16:50:48', 'tima', NULL),
	(83, 'Thomas', 'Hamilton', 1, 1, '2018-04-14 22:51:00', '2018-04-14 16:51:00', 'tima', NULL),
	(84, 'Justine', 'Reyes', 1, 1, '2018-04-14 22:51:19', '2018-04-14 16:51:19', 'tima', NULL),
	(85, 'Courtney', 'Jewell', 1, 1, '2018-04-14 22:51:35', '2018-04-14 16:51:35', 'tima', NULL),
	(86, 'Laura', 'Darton', 1, 1, '2018-04-14 22:51:48', '2018-04-14 16:51:48', 'tima', NULL),
	(87, 'Courtney', 'Fischer', 1, 1, '2018-04-14 22:52:06', '2018-04-14 16:52:06', 'tima', NULL),
	(88, 'Shyla', 'Whitmore', 1, 1, '2018-04-14 22:52:16', '2018-04-14 16:52:16', 'tima', NULL),
	(89, 'Joyleen', 'Jonahs', 1, 1, '2018-04-14 22:52:33', '2018-04-14 16:52:33', 'tima', NULL),
	(90, 'Taaryn', 'Miller', 1, 1, '2018-04-14 22:52:46', '2018-04-14 16:52:46', 'tima', NULL),
	(91, 'Leiann', 'Magnusson', 1, 1, '2018-04-14 22:53:01', '2018-04-14 16:53:01', 'tima', NULL),
	(92, 'Brynne', 'Aquinaga', 1, 1, '2018-04-14 22:53:27', '2018-04-14 16:53:27', 'tima', NULL),
	(93, 'Charlotte', 'Procee', 1, 1, '2018-04-14 22:53:48', '2018-04-14 16:53:48', 'tima', NULL),
	(94, 'Louise', 'Martin', 1, 1, '2018-04-14 22:54:15', '2018-04-14 16:54:15', 'tima', NULL),
	(95, 'Angela', 'Stranges', 1, 1, '2018-04-14 22:54:41', '2018-04-14 16:54:41', 'tima', NULL),
	(96, 'Charlotte', 'Crone', 1, 1, '2018-04-14 22:54:57', '2018-04-14 16:54:57', 'tima', NULL),
	(97, 'Mary-lou', 'Tourigny', 1, 1, '2018-04-14 22:55:13', '2018-04-14 16:55:13', 'tima', NULL),
	(98, 'Carmina', 'Caddauan', 5, 1, '2018-04-14 22:55:29', '2018-04-14 16:55:29', 'tima', NULL),
	(99, 'Kate', 'Abenoja', 5, 1, '2018-04-14 22:55:45', '2018-04-14 16:55:45', 'tima', NULL),
	(100, 'Jackie', 'Long', 3, 1, '2018-04-14 22:55:59', '2018-04-14 16:55:59', 'tima', NULL),
	(101, 'Dell', 'Berg', 3, 1, '2018-04-14 22:56:10', '2018-04-14 16:56:10', 'tima', NULL),
	(102, 'Lorilyn', 'Hanlie', 3, 1, '2018-04-14 22:56:29', '2018-04-14 16:56:29', 'tima', NULL),
	(103, 'Marcella', 'Murray', 1, 1, '2018-04-14 22:56:47', '2018-04-14 16:56:47', 'tima', NULL),
	(104, 'Carolyn', 'Spence', 1, 1, '2018-04-14 23:05:51', '2018-04-14 17:05:51', 'tima', NULL),
	(105, 'Mary', 'Stobbs', 1, 1, '2018-04-14 23:05:57', '2018-04-14 17:05:57', 'tima', NULL),
	(106, 'Fatima', 'Ahmed', 1, 1, '2018-04-14 23:06:05', '2018-04-14 17:06:05', 'tima', NULL),
	(107, 'Jenna', 'Baker', 1, 1, '2018-04-14 23:06:14', '2018-04-14 17:06:14', 'tima', NULL),
	(108, 'Angela', 'Bennet', 1, 1, '2018-04-14 23:06:20', '2018-04-14 17:06:20', 'tima', NULL),
	(109, 'Heather', 'Best', 1, 1, '2018-04-14 23:06:26', '2018-04-14 17:06:26', 'tima', NULL),
	(110, 'Kate', 'Blackett', 1, 1, '2018-04-14 23:06:34', '2018-04-14 17:06:34', 'tima', NULL),
	(111, 'Candace', 'Booth', 1, 1, '2018-04-14 23:06:39', '2018-04-14 17:06:39', 'tima', NULL),
	(112, 'Laura', 'Borowski', 1, 1, '2018-04-14 23:06:49', '2018-04-14 17:06:49', 'tima', NULL),
	(113, 'Jessica', 'Boychuk', 1, 1, '2018-04-14 23:06:57', '2018-04-14 17:06:57', 'tima', NULL),
	(114, 'Anna', 'Chaberska', 1, 1, '2018-04-14 23:07:05', '2018-04-14 17:07:05', 'tima', NULL),
	(115, 'Jessica', 'Cheung', 1, 1, '2018-04-14 23:07:13', '2018-04-14 17:07:13', 'tima', NULL),
	(117, 'Trina', 'Cline', 1, 1, '2018-04-14 23:07:34', '2018-04-14 17:07:34', 'tima', NULL),
	(118, 'Shantel', 'Cook', 1, 1, '2018-04-14 23:07:42', '2018-04-14 17:07:42', 'tima', NULL),
	(119, 'Veronica', 'Courtier', 1, 1, '2018-04-14 23:07:52', '2018-04-14 17:07:52', 'tima', NULL),
	(120, 'Zorig', 'Dash Ochir', 1, 1, '2018-04-14 23:08:04', '2018-04-14 17:08:04', 'tima', NULL),
	(121, 'Matt', 'Gale', 1, 1, '2018-04-14 23:08:19', '2018-04-14 17:08:19', 'tima', NULL),
	(122, 'Louise', 'Galick-Nelson', 1, 1, '2018-04-14 23:08:34', '2018-04-14 17:08:34', 'tima', NULL),
	(123, 'Lesley', 'Gallant', 1, 1, '2018-04-14 23:08:42', '2018-04-14 17:08:42', 'tima', NULL),
	(124, 'Kathleen', 'Gilbert', 1, 1, '2018-04-14 23:08:48', '2018-04-14 17:08:48', 'tima', NULL),
	(125, 'Kirsten', 'Grant', 1, 1, '2018-04-14 23:08:53', '2018-04-14 17:08:53', 'tima', NULL),
	(126, 'Emily', 'Hagg', 1, 1, '2018-04-14 23:08:59', '2018-04-14 17:08:59', 'tima', NULL),
	(127, 'Sarah', 'Haines', 1, 1, '2018-04-14 23:09:10', '2018-04-14 17:09:10', 'tima', NULL),
	(128, 'Carolyn', 'Hogan', 1, 1, '2018-04-14 23:09:22', '2018-04-14 17:09:22', 'tima', NULL),
	(129, 'Tyrell', 'Holinaty', 1, 1, '2018-04-14 23:09:35', '2018-04-14 17:09:35', 'tima', NULL),
	(130, 'Janet', 'Hughes', 1, 1, '2018-04-14 23:09:44', '2018-04-14 17:09:44', 'tima', NULL),
	(132, 'Victoria', 'james', 1, 1, '2018-04-14 23:10:02', '2018-04-14 17:10:02', 'tima', NULL),
	(134, 'Maricar', 'Jimena', 1, 1, '2018-04-14 23:10:34', '2018-04-14 17:10:34', 'tima', NULL),
	(135, 'Crystal', 'Kemick', 1, 1, '2018-04-14 23:10:45', '2018-04-14 17:10:45', 'tima', NULL),
	(136, 'Daryl', 'Kostick', 1, 1, '2018-04-14 23:10:53', '2018-04-14 17:10:53', 'tima', NULL),
	(137, 'Brigitta', 'Kozuback', 1, 1, '2018-04-14 23:11:04', '2018-04-14 17:11:04', 'tima', NULL),
	(139, 'Rhonda', 'McAvoy', 1, 1, '2018-04-14 23:11:24', '2018-04-14 17:11:24', 'tima', NULL),
	(140, 'Kristen', 'Meyer', 1, 1, '2018-04-14 23:11:37', '2018-04-14 17:11:37', 'tima', NULL),
	(142, 'Kayla', 'Nnaemeka', 1, 1, '2018-04-14 23:12:09', '2018-04-14 17:12:09', 'tima', NULL),
	(143, 'Taryn', 'Oggy', 1, 1, '2018-04-14 23:12:16', '2018-04-14 17:12:16', 'tima', NULL),
	(144, 'Chelsea', 'Palardy', 1, 1, '2018-04-14 23:12:23', '2018-04-14 17:12:23', 'tima', NULL),
	(145, 'Jovita', 'Patara', 1, 1, '2018-04-14 23:12:33', '2018-04-14 17:12:33', 'tima', NULL),
	(146, 'Carly', 'Revitt', 1, 1, '2018-04-14 23:12:44', '2018-04-14 17:12:44', 'tima', NULL),
	(147, 'Loren', 'Rosia', 1, 1, '2018-04-14 23:12:50', '2018-04-14 17:12:50', 'tima', NULL),
	(148, 'Desta &quot;Morgan&quot;', 'Selig', 1, 1, '2018-04-14 23:13:08', '2018-04-14 17:13:08', 'tima', NULL),
	(149, 'Candace', 'Taylor', 1, 1, '2018-04-14 23:13:16', '2018-04-14 17:13:16', 'tima', NULL),
	(150, 'Wendy', 'Vatour', 1, 1, '2018-04-14 23:13:24', '2018-04-14 17:13:24', 'tima', NULL),
	(151, 'Erin', 'Waslen', 1, 1, '2018-04-14 23:13:32', '2018-04-14 17:13:32', 'tima', NULL),
	(152, 'Brooke', 'Watson', 1, 1, '2018-04-14 23:13:41', '2018-04-14 17:13:41', 'tima', NULL),
	(153, 'Rob', 'Wiederick', 1, 1, '2018-04-14 23:13:51', '2018-04-14 17:13:51', 'tima', NULL),
	(154, 'Susan', 'Caughie', 1, 1, '2018-04-14 23:14:03', '2018-04-14 17:14:03', 'tima', NULL),
	(155, 'Heather', 'Dark', 1, 1, '2018-04-14 23:14:09', '2018-04-14 17:14:09', 'tima', NULL),
	(156, 'Lorena', 'Dipalma', 1, 1, '2018-04-14 23:14:19', '2018-04-14 17:14:19', 'tima', NULL),
	(157, 'Natalie', 'Bruinius', 1, 1, '2018-04-14 23:14:40', '2018-04-14 17:14:40', 'tima', NULL),
	(159, 'Ewa', 'Ezard', 1, 1, '2018-04-14 23:15:00', '2018-04-14 17:15:00', 'tima', NULL),
	(160, 'Jennifer', 'Fediuk', 1, 1, '2018-04-14 23:15:07', '2018-04-14 17:15:07', 'tima', NULL),
	(161, 'Melanie', 'Ferris', 1, 1, '2018-04-14 23:15:13', '2018-04-14 17:15:13', 'tima', NULL),
	(162, 'Kim', 'Foster', 1, 1, '2018-04-14 23:15:18', '2018-04-14 17:15:18', 'tima', NULL),
	(163, 'Lori', 'Hojszak', 1, 1, '2018-04-14 23:15:33', '2018-04-14 17:15:33', 'tima', NULL),
	(164, 'Erin', 'Jewell', 1, 1, '2018-04-14 23:15:41', '2018-04-14 17:15:41', 'tima', NULL),
	(165, 'Shannon', 'Kralka', 1, 1, '2018-04-14 23:15:48', '2018-04-14 17:15:48', 'tima', NULL),
	(166, 'Katelyn', 'Lohse', 1, 1, '2018-04-14 23:16:02', '2018-04-14 17:16:02', 'tima', NULL),
	(167, 'Julie', 'Mann', 1, 1, '2018-04-14 23:16:12', '2018-04-14 17:16:12', 'tima', NULL),
	(168, 'Terri', 'McGrath', 1, 1, '2018-04-14 23:16:18', '2018-04-14 17:16:18', 'tima', NULL),
	(170, 'Leo', 'Ruba', 1, 1, '2018-04-14 23:18:00', '2018-04-14 17:18:00', 'tima', NULL),
	(171, 'Cailin', 'Rutter', 1, 1, '2018-04-14 23:18:58', '2018-04-14 17:18:58', 'tima', NULL),
	(172, 'Kate', 'Sleno', 1, 1, '2018-04-14 23:19:16', '2018-04-14 17:19:16', 'tima', NULL),
	(173, 'Kristy', 'Tidlund', 1, 1, '2018-04-14 23:30:35', '2018-04-14 17:30:35', 'tima', NULL),
	(175, 'Stephanie', 'Bark', 1, 1, '2018-04-14 23:30:48', '2018-04-16 16:38:09', 'tima', NULL),
	(176, 'Caralyn', 'Bencsik', 1, 1, '2018-04-14 23:31:00', '2018-04-14 17:31:00', 'tima', NULL),
	(177, 'Tricia', 'Bray', 1, 1, '2018-04-14 23:31:09', '2018-04-14 17:31:09', 'tima', NULL),
	(178, 'Joanne', 'Bouma', 1, 1, '2018-04-14 23:31:15', '2018-04-14 17:31:15', 'tima', NULL),
	(179, 'Aoife', 'Brogan', 1, 1, '2018-04-14 23:31:22', '2018-04-14 17:31:22', 'tima', NULL),
	(180, 'Erin', 'Brost', 1, 1, '2018-04-14 23:31:28', '2018-04-14 17:31:28', 'tima', NULL),
	(181, 'Sarah', 'Bullock', 1, 1, '2018-04-14 23:31:33', '2018-04-14 17:31:33', 'tima', NULL),
	(182, 'Stephanie', 'Castiello', 1, 1, '2018-04-14 23:31:46', '2018-04-14 17:31:46', 'tima', NULL),
	(183, 'Kirstyn', 'Docherty', 1, 1, '2018-04-14 23:31:55', '2018-04-14 17:31:55', 'tima', NULL),
	(184, 'Robin', 'Donaldson', 1, 1, '2018-04-14 23:32:03', '2018-04-14 17:32:03', 'tima', NULL),
	(185, 'Leanne', 'Falvi', 1, 1, '2018-04-14 23:32:08', '2018-04-14 17:32:08', 'tima', NULL),
	(186, 'Krystal', 'Freeman', 1, 1, '2018-04-14 23:32:14', '2018-04-14 17:32:14', 'tima', NULL),
	(187, 'Jocelyn', 'Gale', 1, 1, '2018-04-14 23:32:20', '2018-04-14 17:32:20', 'tima', NULL),
	(188, 'Reta', 'Jenken', 1, 1, '2018-04-14 23:32:28', '2018-04-14 17:32:28', 'tima', NULL),
	(189, 'Bobby', 'Johnston', 1, 1, '2018-04-14 23:32:37', '2018-04-14 17:32:37', 'tima', NULL),
	(190, 'Sarah', 'Korcsmaros', 1, 1, '2018-04-14 23:32:45', '2018-04-14 17:32:45', 'tima', NULL),
	(191, 'Jennifer', 'Martinez-Matugas', 1, 1, '2018-04-14 23:32:57', '2018-04-14 17:32:57', 'tima', NULL),
	(192, 'June', 'Munro', 1, 1, '2018-04-14 23:33:03', '2018-04-14 17:33:03', 'tima', NULL),
	(193, 'Andrea', 'Niven', 1, 1, '2018-04-14 23:33:08', '2018-04-14 17:33:08', 'tima', NULL),
	(194, 'Beth', 'Parsons-Blackburn', 1, 1, '2018-04-14 23:33:16', '2018-04-14 17:33:16', 'tima', NULL),
	(196, 'Jeff', 'Scott', 1, 1, '2018-04-14 23:33:33', '2018-04-14 17:33:33', 'tima', NULL),
	(198, 'Jennifer', 'Tanner', 1, 1, '2018-04-14 23:37:53', '2018-04-14 17:37:53', 'tima', NULL),
	(199, 'Michelle', 'Terpstra', 1, 1, '2018-04-14 23:38:02', '2018-04-14 17:38:02', 'tima', NULL),
	(200, 'Megan', 'Vine', 1, 1, '2018-04-14 23:38:07', '2018-04-14 17:38:07', 'tima', NULL),
	(201, 'Nicole', 'Wiebe', 1, 1, '2018-04-14 23:38:18', '2018-04-14 17:38:18', 'tima', NULL),
	(202, 'Corlette', 'Abad', 1, 1, '2018-04-14 23:38:24', '2018-04-14 17:38:24', 'tima', NULL),
	(203, 'Nadene', 'Adie', 1, 1, '2018-04-14 23:38:28', '2018-04-14 17:38:28', 'tima', NULL),
	(204, 'Janine', 'Barmby', 1, 1, '2018-04-14 23:38:35', '2018-04-14 17:38:35', 'tima', NULL),
	(205, 'Megan', 'Bradley', 1, 1, '2018-04-14 23:38:40', '2018-04-14 17:38:40', 'tima', NULL),
	(206, 'Heather', 'Cohrs', 1, 1, '2018-04-14 23:38:47', '2018-04-14 17:38:47', 'tima', NULL),
	(207, 'Jacqueline', 'Comeau', 1, 1, '2018-04-14 23:38:57', '2018-04-14 17:38:57', 'tima', NULL),
	(208, 'Sean', 'Elliot', 1, 1, '2018-04-14 23:39:06', '2018-04-14 17:39:06', 'tima', NULL),
	(209, 'Christine', 'Fantuz', 1, 1, '2018-04-14 23:39:12', '2018-04-14 17:39:12', 'tima', NULL),
	(210, 'Joan', 'Harris', 1, 1, '2018-04-14 23:39:17', '2018-04-14 17:39:17', 'tima', NULL),
	(211, 'Jean', 'Jordan', 1, 1, '2018-04-14 23:39:21', '2018-04-14 17:39:21', 'tima', NULL),
	(212, 'Christine', 'Nguyen', 1, 1, '2018-04-14 23:39:28', '2018-04-14 17:39:28', 'tima', NULL),
	(213, 'Sunil', 'Pouloose', 1, 1, '2018-04-14 23:39:36', '2018-04-14 17:39:36', 'tima', NULL),
	(214, 'Susan', 'Seekings', 1, 1, '2018-04-14 23:39:42', '2018-04-14 17:39:42', 'tima', NULL),
	(215, 'Michelle', 'Sexsmith', 1, 1, '2018-04-14 23:39:49', '2018-04-14 17:39:49', 'tima', NULL),
	(216, 'Jennifer', 'Watson', 1, 1, '2018-04-14 23:39:55', '2018-04-14 17:39:55', 'tima', NULL),
	(217, 'Genevieve', 'Wheeler', 1, 1, '2018-04-14 23:40:03', '2018-04-14 17:40:03', 'tima', NULL),
	(218, 'Jana', 'Whitehead', 1, 1, '2018-04-14 23:40:10', '2018-04-14 17:40:10', 'tima', NULL),
	(219, 'Michael', 'Aspinall', 5, 1, '2018-04-16 07:53:51', '2018-04-16 07:53:51', 'tima', NULL),
	(220, 'Cori', 'Benstad', 5, 1, '2018-04-16 07:53:58', '2018-04-16 07:53:58', 'tima', NULL),
	(221, 'Kenneth', 'Boniface', 1, 1, '2018-04-16 07:54:09', '2018-04-16 07:54:09', 'tima', NULL),
	(222, 'Avegaile', 'Cantuba', 5, 1, '2018-04-16 07:54:25', '2018-04-16 07:54:25', 'tima', NULL),
	(223, 'Jordan', 'Carlton', 5, 1, '2018-04-16 07:54:32', '2018-04-16 07:54:32', 'tima', NULL),
	(224, 'Melanie', 'De Lion', 5, 1, '2018-04-16 07:54:43', '2018-04-16 07:54:43', 'tima', NULL),
	(225, 'Frances', 'Perez', 5, 1, '2018-04-16 07:54:52', '2018-04-16 07:54:52', 'tima', NULL),
	(226, 'Amber', 'Robbie', 5, 1, '2018-04-16 07:54:58', '2018-04-16 07:54:58', 'tima', NULL),
	(227, 'Wesley', 'Roberts', 5, 1, '2018-04-16 07:55:05', '2018-04-16 07:55:05', 'tima', NULL),
	(228, 'Alfred', 'Schmidtke', 5, 1, '2018-04-16 07:55:14', '2018-04-16 07:55:14', 'tima', NULL),
	(230, 'Chanelle', 'Baggio', 3, 1, '2018-04-16 07:55:41', '2018-04-16 07:55:41', 'tima', NULL),
	(231, 'Sarah', 'Baudais', 3, 1, '2018-04-16 07:55:59', '2018-04-16 07:55:59', 'tima', NULL),
	(232, 'Krista', 'Boese', 3, 1, '2018-04-16 07:56:17', '2018-04-16 07:56:17', 'tima', NULL),
	(233, 'Kelsey', 'Chomistek', 3, 1, '2018-04-16 07:56:26', '2018-04-16 07:56:26', 'tima', NULL),
	(234, 'Teya', 'Cormick', 3, 1, '2018-04-16 07:56:33', '2018-04-16 07:56:33', 'tima', NULL),
	(235, 'Marian', 'Gartner', 3, 1, '2018-04-16 07:56:40', '2018-04-16 07:56:40', 'tima', NULL),
	(237, 'Jennifer', 'Luu', 3, 1, '2018-04-16 07:56:58', '2018-04-16 07:56:58', 'tima', NULL),
	(238, 'Tracey', 'Thompson', 3, 1, '2018-04-16 07:57:18', '2018-04-16 07:57:18', 'tima', NULL),
	(239, 'Joanne', 'Willment', 3, 1, '2018-04-16 07:57:29', '2018-04-16 07:57:29', 'tima', NULL),
	(240, 'Annalise', 'Woertman', 3, 1, '2018-04-16 07:57:40', '2018-04-16 07:57:40', 'tima', NULL),
	(241, 'Cathy', 'Zagar', 3, 1, '2018-04-16 07:57:45', '2018-04-16 07:57:45', 'tima', NULL),
	(242, 'Sandy', 'Manuel', 1, 1, '2018-04-16 07:58:02', '2018-04-16 07:58:02', 'tima', NULL),
	(243, 'Laura', 'Robinson', 1, 1, '2018-04-16 07:58:07', '2018-04-16 07:58:07', 'tima', NULL),
	(244, 'Susan', 'Gerritsen', 1, 1, '2018-04-16 07:58:15', '2018-04-16 07:58:15', 'tima', NULL);
/*!40000 ALTER TABLE `staff_members` ENABLE KEYS */;

-- Dumping structure for table tracker.users
DROP TABLE IF EXISTS `users`;
CREATE TABLE IF NOT EXISTS `users` (
  `id` int(11) NOT NULL AUTO_INCREMENT,
  `username` varchar(255) NOT NULL,
  `password` varchar(255) NOT NULL,
  `active` tinyint(1) NOT NULL DEFAULT 1,
  `admin` tinyint(1) NOT NULL DEFAULT 0,
  `date_created` datetime NOT NULL DEFAULT current_timestamp(),
  `date_updated` timestamp NOT NULL DEFAULT current_timestamp() ON UPDATE current_timestamp(),
  `created_by` varchar(255) NOT NULL,
  `updated_by` varchar(255) DEFAULT NULL,
  PRIMARY KEY (`id`),
  UNIQUE KEY `username` (`username`)
) ENGINE=InnoDB AUTO_INCREMENT=32 DEFAULT CHARSET=utf8;

-- Dumping data for table tracker.users: ~3 rows (approximately)
DELETE FROM `users`;
/*!40000 ALTER TABLE `users` DISABLE KEYS */;
INSERT INTO `users` (`id`, `username`, `password`, `active`, `admin`, `date_created`, `date_updated`, `created_by`, `updated_by`) VALUES
	(20, 'tima', '$2y$10$DPrHttiNIK4MrzJ/vKEHHemikdaCBYsKVWTYbHRuuRjfK/mlNnaPK', 1, 1, '2018-03-08 22:44:00', '2018-04-03 13:58:15', 'root', 'tima'),
	(21, 'root', '$2y$10$ihTu/fbECLvGkZR4bqIla.zyGCljlcdfwsDI5.JHJBTMQNZaEKip6', 1, 1, '2018-03-08 23:27:01', '2018-03-08 16:27:01', 'root', NULL),
	(31, 'danc', '$2y$10$xUoJnjQ/KVy1Qdik1ZHzK.i49JuJT4QK/ycbrPtDMNj.qhqCYzm7W', 1, 0, '2018-04-05 00:04:13', '2018-04-07 18:40:22', 'tima', 'tima');
/*!40000 ALTER TABLE `users` ENABLE KEYS */;

/*!40101 SET SQL_MODE=IFNULL(@OLD_SQL_MODE, '') */;
/*!40014 SET FOREIGN_KEY_CHECKS=IF(@OLD_FOREIGN_KEY_CHECKS IS NULL, 1, @OLD_FOREIGN_KEY_CHECKS) */;
/*!40101 SET CHARACTER_SET_CLIENT=@OLD_CHARACTER_SET_CLIENT */;
